Id,Solution
1,0
2,1
3,0
4,0
5,0
6,0
7,1
8,0
9,0
10,1
11,1
12,0
13,0
14,0
15,0
16,0
17,1
18,0
19,0
20,1
21,1
22,0
23,1
24,1
25,0
26,1
27,1
28,0
29,0
30,1
31,0
32,1
33,1
34,1
35,1
36,0
37,0
38,0
39,1
40,0
41,1
42,1
43,1
44,0
45,1
46,0
47,0
48,1
49,0
50,0
51,0
52,0
53,1
54,0
55,0
56,1
57,0
58,1
59,1
60,1
61,1
62,0
63,0
64,1
65,1
66,1
67,1
68,0
69,1
70,0
71,1
72,1
73,1
74,1
75,1
76,0
77,0
78,1
79,1
80,1
81,0
82,0
83,0
84,0
85,0
86,0
87,1
88,1
89,0
90,0
91,0
92,1
93,1
94,0
95,1
96,1
97,1
98,0
99,0
100,0
101,0
102,1
103,0
104,1
105,1
106,0
107,1
108,1
109,0
110,1
111,0
112,0
113,1
114,1
115,1
116,0
117,1
118,0
119,0
120,0
121,1
122,0
123,1
124,0
125,1
126,0
127,1
128,1
129,0
130,0
131,0
132,0
133,1
134,1
135,1
136,0
137,0
138,1
139,0
140,0
141,0
142,0
143,1
144,1
145,0
146,0
147,1
148,0
149,1
150,1
151,1
152,0
153,0
154,1
155,0
156,0
157,1
158,1
159,0
160,0
161,1
162,1
163,1
164,1
165,1
166,1
167,1
168,1
169,0
170,0
171,1
172,0
173,1
174,0
175,1
176,1
177,1
178,0
179,0
180,1
181,1
182,0
183,0
184,0
185,1
186,1
187,1
188,1
189,1
190,0
191,1
192,1
193,0
194,1
195,1
196,0
197,1
198,0
199,0
200,0
201,0
202,0
203,0
204,1
205,1
206,1
207,1
208,1
209,1
210,1
211,0
212,1
213,0
214,1
215,0
216,0
217,0
218,0
219,0
220,1
221,0
222,0
223,1
224,0
225,0
226,1
227,0
228,1
229,1
230,1
231,0
232,0
233,0
234,0
235,0
236,1
237,0
238,0
239,1
240,0
241,1
242,1
243,1
244,0
245,1
246,0
247,1
248,0
249,0
250,1
251,0
252,0
253,0
254,1
255,1
256,1
257,0
258,1
259,1
260,1
261,1
262,0
263,0
264,1
265,1
266,1
267,0
268,1
269,1
270,1
271,0
272,0
273,0
274,1
275,1
276,0
277,0
278,0
279,0
280,1
281,1
282,0
283,1
284,1
285,1
286,1
287,0
288,0
289,0
290,1
291,1
292,0
293,0
294,0
295,0
296,1
297,0
298,0
299,0
300,1
301,0
302,0
303,1
304,1
305,0
306,0
307,0
308,1
309,0
310,1
311,0
312,1
313,0
314,0
315,1
316,1
317,1
318,1
319,0
320,1
321,0
322,0
323,0
324,1
325,0
326,1
327,0
328,1
329,1
330,1
331,0
332,0
333,0
334,0
335,0
336,1
337,1
338,1
339,1
340,0
341,1
342,0
343,0
344,1
345,1
346,1
347,1
348,1
349,1
350,0
351,0
352,0
353,1
354,0
355,1
356,1
357,0
358,1
359,0
360,1
361,1
362,0
363,0
364,0
365,0
366,0
367,0
368,0
369,1
370,0
371,1
372,0
373,0
374,0
375,0
376,0
377,0
378,1
379,1
380,0
381,0
382,0
383,0
384,0
385,1
386,0
387,1
388,1
389,1
390,1
391,0
392,1
393,1
394,1
395,0
396,0
397,0
398,1
399,0
400,1
401,0
402,1
403,0
404,0
405,0
406,1
407,1
408,1
409,1
410,0
411,1
412,0
413,1
414,0
415,0
416,1
417,1
418,0
419,1
420,0
421,1
422,1
423,1
424,0
425,0
426,0
427,0
428,0
429,1
430,0
431,0
432,1
433,0
434,1
435,0
436,1
437,0
438,1
439,0
440,1
441,0
442,0
443,0
444,1
445,0
446,1
447,1
448,0
449,0
450,1
451,1
452,1
453,0
454,1
455,0
456,0
457,1
458,0
459,0
460,0
461,0
462,1
463,1
464,0
465,0
466,1
467,1
468,1
469,1
470,0
471,0
472,0
473,0
474,1
475,1
476,0
477,1
478,1
479,0
480,1
481,0
482,0
483,1
484,0
485,0
486,0
487,0
488,1
489,1
490,0
491,0
492,1
493,1
494,0
495,0
496,0
497,0
498,0
499,1
500,0
501,1
502,0
503,1
504,0
505,1
506,1
507,1
508,0
509,0
510,1
511,1
512,0
513,0
514,1
515,0
516,1
517,1
518,0
519,0
520,0
521,1
522,1
523,1
524,1
525,1
526,1
527,1
528,0
529,1
530,0
531,1
532,0
533,1
534,1
535,1
536,1
537,1
538,1
539,0
540,0
541,0
542,0
543,1
544,0
545,1
546,0
547,1
548,1
549,0
550,1
551,1
552,1
553,0
554,0
555,1
556,0
557,0
558,1
559,0
560,0
561,1
562,0
563,0
564,1
565,0
566,1
567,0
568,1
569,1
570,0
571,1
572,0
573,1
574,0
575,0
576,0
577,0
578,1
579,1
580,0
581,1
582,0
583,0
584,0
585,1
586,0
587,0
588,1
589,1
590,1
591,0
592,1
593,0
594,0
595,0
596,0
597,0
598,1
599,0
600,0
601,0
602,0
603,1
604,1
605,0
606,1
607,0
608,0
609,1
610,1
611,1
612,0
613,1
614,1
615,0
616,0
617,1
618,1
619,1
620,0
621,1
622,0
623,0
624,0
625,0
626,1
627,0
628,0
629,1
630,1
631,1
632,0
633,1
634,0
635,1
636,0
637,0
638,0
639,1
640,1
641,0
642,1
643,0
644,0
645,1
646,0
647,1
648,0
649,0
650,1
651,1
652,1
653,1
654,1
655,1
656,0
657,1
658,1
659,1
660,1
661,0
662,0
663,1
664,1
665,1
666,1
667,0
668,1
669,1
670,0
671,1
672,0
673,1
674,0
675,0
676,0
677,0
678,1
679,0
680,0
681,0
682,0
683,0
684,0
685,1
686,1
687,1
688,1
689,1
690,1
691,0
692,1
693,1
694,0
695,0
696,1
697,0
698,1
699,0
700,1
701,1
702,0
703,0
704,1
705,1
706,0
707,1
708,0
709,0
710,0
711,0
712,1
713,1
714,1
715,1
716,0
717,0
718,1
719,1
720,0
721,0
722,0
723,1
724,0
725,0
726,1
727,0
728,1
729,1
730,0
731,0
732,0
733,1
734,1
735,1
736,0
737,0
738,0
739,1
740,1
741,0
742,0
743,0
744,0
745,1
746,1
747,1
748,0
749,0
750,1
751,1
752,1
753,0
754,1
755,1
756,0
757,1
758,1
759,0
760,0
761,1
762,0
763,0
764,1
765,0
766,1
767,0
768,1
769,0
770,1
771,0
772,0
773,1
774,0
775,1
776,1
777,1
778,0
779,0
780,0
781,1
782,1
783,1
784,0
785,0
786,1
787,1
788,0
789,1
790,1
791,1
792,0
793,0
794,0
795,0
796,1
797,1
798,0
799,1
800,0
801,1
802,0
803,0
804,1
805,0
806,1
807,0
808,0
809,1
810,1
811,0
812,0
813,1
814,1
815,1
816,1
817,0
818,0
819,1
820,1
821,0
822,0
823,1
824,1
825,1
826,0
827,0
828,0
829,0
830,0
831,1
832,0
833,0
834,1
835,1
836,0
837,1
838,0
839,0
840,1
841,0
842,1
843,0
844,0
845,1
846,0
847,1
848,0
849,1
850,1
851,1
852,1
853,0
854,1
855,0
856,1
857,0
858,0
859,0
860,1
861,1
862,0
863,1
864,1
865,0
866,0
867,1
868,1
869,1
870,0
871,1
872,0
873,1
874,0
875,0
876,0
877,0
878,0
879,1
880,0
881,1
882,1
883,1
884,0
885,1
886,1
887,1
888,1
889,0
890,0
891,0
892,1
893,1
894,0
895,0
896,0
897,1
898,0
899,0
900,0
901,1
902,1
903,0
904,1
905,0
906,1
907,0
908,1
909,0
910,0
911,1
912,1
913,1
914,1
915,0
916,1
917,0
918,0
919,0
920,1
921,0
922,1
923,0
924,0
925,1
926,0
927,1
928,1
929,0
930,1
931,0
932,0
933,0
934,0
935,1
936,0
937,1
938,1
939,1
940,1
941,0
942,1
943,0
944,0
945,1
946,0
947,0
948,1
949,1
950,1
951,0
952,0
953,1
954,0
955,1
956,0
957,0
958,1
959,1
960,1
961,1
962,0
963,0
964,0
965,0
966,0
967,1
968,0
969,1
970,1
971,0
972,1
973,0
974,1
975,0
976,0
977,1
978,0
979,0
980,0
981,1
982,1
983,0
984,1
985,1
986,0
987,1
988,0
989,1
990,1
991,1
992,0
993,1
994,1
995,0
996,0
997,0
998,1
999,1
1000,1
1001,0
1002,0
1003,0
1004,0
1005,1
1006,1
1007,1
1008,0
1009,1
1010,0
1011,0
1012,0
1013,0
1014,0
1015,0
1016,0
1017,1
1018,1
1019,1
1020,1
1021,1
1022,1
1023,1
1024,1
1025,1
1026,0
1027,0
1028,0
1029,0
1030,0
1031,0
1032,0
1033,0
1034,0
1035,1
1036,1
1037,1
1038,1
1039,0
1040,1
1041,0
1042,0
1043,0
1044,0
1045,0
1046,0
1047,0
1048,0
1049,1
1050,0
1051,0
1052,0
1053,1
1054,0
1055,1
1056,0
1057,1
1058,1
1059,0
1060,0
1061,0
1062,0
1063,0
1064,1
1065,0
1066,1
1067,1
1068,1
1069,0
1070,0
1071,1
1072,0
1073,1
1074,0
1075,1
1076,0
1077,1
1078,1
1079,1
1080,0
1081,1
1082,0
1083,1
1084,1
1085,1
1086,0
1087,1
1088,1
1089,0
1090,0
1091,1
1092,0
1093,1
1094,1
1095,0
1096,1
1097,1
1098,1
1099,0
1100,1
1101,1
1102,1
1103,0
1104,0
1105,1
1106,0
1107,1
1108,1
1109,1
1110,1
1111,0
1112,0
1113,1
1114,1
1115,0
1116,1
1117,1
1118,0
1119,0
1120,0
1121,0
1122,1
1123,1
1124,0
1125,1
1126,1
1127,0
1128,1
1129,1
1130,0
1131,1
1132,1
1133,0
1134,0
1135,1
1136,0
1137,1
1138,1
1139,0
1140,0
1141,1
1142,0
1143,0
1144,0
1145,1
1146,0
1147,1
1148,1
1149,1
1150,0
1151,0
1152,0
1153,1
1154,0
1155,0
1156,0
1157,1
1158,1
1159,1
1160,0
1161,0
1162,0
1163,1
1164,0
1165,1
1166,0
1167,0
1168,1
1169,0
1170,1
1171,0
1172,0
1173,1
1174,1
1175,0
1176,1
1177,1
1178,0
1179,1
1180,1
1181,0
1182,0
1183,0
1184,0
1185,0
1186,0
1187,1
1188,0
1189,0
1190,0
1191,1
1192,0
1193,1
1194,1
1195,0
1196,1
1197,1
1198,1
1199,0
1200,1
1201,1
1202,0
1203,0
1204,1
1205,0
1206,0
1207,0
1208,0
1209,0
1210,0
1211,0
1212,1
1213,1
1214,1
1215,1
1216,1
1217,1
1218,0
1219,1
1220,1
1221,1
1222,1
1223,0
1224,0
1225,0
1226,0
1227,1
1228,0
1229,0
1230,0
1231,0
1232,0
1233,0
1234,0
1235,0
1236,0
1237,0
1238,0
1239,0
1240,0
1241,1
1242,0
1243,0
1244,1
1245,1
1246,0
1247,1
1248,1
1249,1
1250,0
1251,1
1252,1
1253,0
1254,1
1255,0
1256,1
1257,0
1258,1
1259,0
1260,0
1261,0
1262,1
1263,1
1264,1
1265,0
1266,1
1267,0
1268,0
1269,1
1270,0
1271,0
1272,0
1273,0
1274,1
1275,1
1276,1
1277,1
1278,1
1279,0
1280,1
1281,1
1282,1
1283,1
1284,1
1285,0
1286,1
1287,0
1288,0
1289,0
1290,0
1291,1
1292,1
1293,0
1294,0
1295,1
1296,1
1297,1
1298,0
1299,1
1300,1
1301,0
1302,1
1303,0
1304,0
1305,1
1306,0
1307,0
1308,0
1309,1
1310,1
1311,1
1312,1
1313,1
1314,1
1315,1
1316,0
1317,0
1318,0
1319,1
1320,1
1321,0
1322,0
1323,1
1324,0
1325,1
1326,1
1327,1
1328,0
1329,1
1330,0
1331,0
1332,0
1333,1
1334,1
1335,0
1336,1
1337,1
1338,0
1339,1
1340,0
1341,0
1342,0
1343,1
1344,1
1345,0
1346,1
1347,1
1348,0
1349,0
1350,0
1351,1
1352,1
1353,0
1354,1
1355,0
1356,0
1357,0
1358,1
1359,1
1360,1
1361,1
1362,0
1363,1
1364,0
1365,0
1366,1
1367,1
1368,1
1369,1
1370,1
1371,0
1372,0
1373,0
1374,1
1375,1
1376,1
1377,1
1378,0
1379,0
1380,0
1381,0
1382,1
1383,0
1384,1
1385,1
1386,1
1387,0
1388,1
1389,1
1390,0
1391,1
1392,0
1393,1
1394,1
1395,1
1396,1
1397,1
1398,0
1399,1
1400,1
1401,0
1402,0
1403,1
1404,0
1405,1
1406,0
1407,1
1408,1
1409,0
1410,1
1411,0
1412,1
1413,0
1414,1
1415,0
1416,0
1417,1
1418,0
1419,1
1420,0
1421,0
1422,1
1423,1
1424,1
1425,0
1426,0
1427,0
1428,0
1429,0
1430,1
1431,1
1432,1
1433,1
1434,0
1435,0
1436,0
1437,0
1438,0
1439,0
1440,0
1441,0
1442,0
1443,0
1444,1
1445,1
1446,1
1447,0
1448,0
1449,1
1450,1
1451,0
1452,0
1453,0
1454,1
1455,0
1456,0
1457,1
1458,0
1459,1
1460,0
1461,0
1462,0
1463,1
1464,1
1465,1
1466,1
1467,1
1468,0
1469,0
1470,0
1471,1
1472,1
1473,0
1474,0
1475,0
1476,0
1477,0
1478,1
1479,1
1480,1
1481,1
1482,0
1483,0
1484,0
1485,0
1486,1
1487,1
1488,1
1489,0
1490,1
1491,1
1492,0
1493,1
1494,0
1495,0
1496,0
1497,0
1498,1
1499,0
1500,1
1501,1
1502,1
1503,0
1504,1
1505,1
1506,1
1507,1
1508,1
1509,0
1510,0
1511,0
1512,0
1513,0
1514,0
1515,1
1516,1
1517,0
1518,1
1519,1
1520,0
1521,1
1522,1
1523,1
1524,0
1525,1
1526,1
1527,0
1528,0
1529,1
1530,1
1531,0
1532,1
1533,1
1534,0
1535,1
1536,1
1537,1
1538,1
1539,0
1540,0
1541,0
1542,0
1543,0
1544,1
1545,1
1546,1
1547,0
1548,1
1549,0
1550,1
1551,1
1552,1
1553,0
1554,0
1555,0
1556,0
1557,1
1558,1
1559,1
1560,0
1561,0
1562,0
1563,1
1564,0
1565,0
1566,0
1567,1
1568,1
1569,1
1570,1
1571,0
1572,1
1573,1
1574,1
1575,1
1576,1
1577,0
1578,1
1579,0
1580,0
1581,1
1582,1
1583,0
1584,0
1585,1
1586,1
1587,1
1588,0
1589,0
1590,0
1591,0
1592,0
1593,1
1594,1
1595,1
1596,1
1597,0
1598,1
1599,0
1600,1
1601,1
1602,0
1603,1
1604,1
1605,0
1606,0
1607,0
1608,1
1609,1
1610,0
1611,0
1612,0
1613,0
1614,1
1615,1
1616,0
1617,0
1618,0
1619,0
1620,1
1621,1
1622,0
1623,0
1624,1
1625,1
1626,1
1627,0
1628,0
1629,0
1630,0
1631,1
1632,1
1633,0
1634,1
1635,1
1636,0
1637,0
1638,1
1639,1
1640,1
1641,1
1642,0
1643,1
1644,1
1645,0
1646,1
1647,1
1648,1
1649,1
1650,0
1651,0
1652,1
1653,1
1654,0
1655,0
1656,1
1657,0
1658,1
1659,0
1660,0
1661,1
1662,0
1663,0
1664,1
1665,0
1666,0
1667,0
1668,1
1669,1
1670,1
1671,1
1672,0
1673,1
1674,1
1675,1
1676,1
1677,0
1678,1
1679,1
1680,0
1681,1
1682,1
1683,0
1684,0
1685,1
1686,1
1687,0
1688,1
1689,1
1690,1
1691,0
1692,0
1693,1
1694,1
1695,0
1696,1
1697,0
1698,0
1699,1
1700,1
1701,0
1702,0
1703,1
1704,0
1705,0
1706,1
1707,1
1708,1
1709,0
1710,0
1711,1
1712,1
1713,0
1714,0
1715,1
1716,0
1717,0
1718,0
1719,1
1720,1
1721,0
1722,1
1723,0
1724,0
1725,0
1726,0
1727,0
1728,0
1729,1
1730,0
1731,0
1732,0
1733,1
1734,0
1735,1
1736,0
1737,1
1738,0
1739,1
1740,0
1741,0
1742,0
1743,0
1744,0
1745,0
1746,1
1747,1
1748,1
1749,1
1750,1
1751,1
1752,0
1753,0
1754,1
1755,0
1756,1
1757,0
1758,1
1759,0
1760,1
1761,1
1762,1
1763,0
1764,0
1765,1
1766,1
1767,1
1768,1
1769,0
1770,0
1771,0
1772,1
1773,0
1774,1
1775,1
1776,0
1777,1
1778,1
1779,1
1780,1
1781,1
1782,1
1783,1
1784,1
1785,1
1786,0
1787,0
1788,1
1789,0
1790,1
1791,0
1792,1
1793,1
1794,1
1795,1
1796,1
1797,1
1798,0
1799,1
1800,0
1801,0
1802,0
1803,0
1804,0
1805,1
1806,0
1807,0
1808,1
1809,0
1810,1
1811,1
1812,0
1813,1
1814,0
1815,1
1816,1
1817,1
1818,0
1819,1
1820,1
1821,1
1822,1
1823,1
1824,0
1825,0
1826,1
1827,1
1828,0
1829,1
1830,1
1831,1
1832,1
1833,0
1834,0
1835,1
1836,1
1837,0
1838,0
1839,1
1840,1
1841,0
1842,1
1843,1
1844,0
1845,1
1846,0
1847,0
1848,0
1849,1
1850,1
1851,0
1852,1
1853,0
1854,0
1855,0
1856,0
1857,1
1858,0
1859,1
1860,0
1861,0
1862,1
1863,0
1864,0
1865,0
1866,1
1867,1
1868,1
1869,1
1870,0
1871,1
1872,1
1873,1
1874,0
1875,0
1876,0
1877,0
1878,1
1879,0
1880,0
1881,1
1882,0
1883,0
1884,0
1885,0
1886,1
1887,0
1888,0
1889,0
1890,0
1891,1
1892,1
1893,1
1894,0
1895,1
1896,1
1897,1
1898,1
1899,1
1900,0
1901,1
1902,1
1903,0
1904,1
1905,1
1906,1
1907,0
1908,1
1909,0
1910,0
1911,0
1912,1
1913,0
1914,1
1915,0
1916,1
1917,0
1918,1
1919,1
1920,0
1921,1
1922,1
1923,0
1924,0
1925,0
1926,0
1927,0
1928,0
1929,0
1930,0
1931,1
1932,0
1933,0
1934,0
1935,0
1936,1
1937,0
1938,0
1939,1
1940,0
1941,1
1942,0
1943,0
1944,1
1945,0
1946,1
1947,0
1948,0
1949,0
1950,0
1951,1
1952,0
1953,0
1954,1
1955,1
1956,0
1957,0
1958,1
1959,1
1960,1
1961,1
1962,1
1963,1
1964,1
1965,0
1966,1
1967,1
1968,1
1969,1
1970,0
1971,0
1972,0
1973,1
1974,1
1975,0
1976,1
1977,0
1978,0
1979,0
1980,0
1981,1
1982,0
1983,1
1984,0
1985,0
1986,1
1987,1
1988,1
1989,0
1990,1
1991,0
1992,0
1993,1
1994,1
1995,0
1996,0
1997,1
1998,0
1999,0
2000,1
2001,0
2002,0
2003,1
2004,1
2005,0
2006,0
2007,1
2008,1
2009,1
2010,0
2011,1
2012,0
2013,0
2014,1
2015,1
2016,0
2017,1
2018,1
2019,0
2020,1
2021,0
2022,0
2023,1
2024,1
2025,0
2026,1
2027,1
2028,0
2029,1
2030,1
2031,1
2032,0
2033,1
2034,1
2035,1
2036,1
2037,0
2038,1
2039,1
2040,1
2041,0
2042,1
2043,1
2044,0
2045,0
2046,0
2047,1
2048,0
2049,1
2050,1
2051,1
2052,1
2053,0
2054,0
2055,1
2056,0
2057,1
2058,1
2059,0
2060,0
2061,0
2062,1
2063,0
2064,1
2065,1
2066,0
2067,0
2068,0
2069,1
2070,0
2071,1
2072,0
2073,0
2074,0
2075,1
2076,0
2077,0
2078,0
2079,1
2080,0
2081,1
2082,1
2083,1
2084,0
2085,1
2086,0
2087,0
2088,1
2089,1
2090,1
2091,1
2092,0
2093,1
2094,0
2095,1
2096,0
2097,1
2098,1
2099,0
2100,1
2101,1
2102,0
2103,1
2104,1
2105,0
2106,0
2107,0
2108,0
2109,1
2110,1
2111,0
2112,1
2113,0
2114,1
2115,1
2116,1
2117,0
2118,1
2119,1
2120,1
2121,0
2122,1
2123,0
2124,1
2125,0
2126,0
2127,0
2128,1
2129,0
2130,1
2131,1
2132,1
2133,1
2134,0
2135,0
2136,1
2137,0
2138,1
2139,1
2140,1
2141,0
2142,0
2143,1
2144,1
2145,0
2146,0
2147,1
2148,0
2149,0
2150,1
2151,0
2152,0
2153,0
2154,0
2155,0
2156,1
2157,1
2158,0
2159,1
2160,1
2161,0
2162,0
2163,1
2164,1
2165,1
2166,0
2167,0
2168,1
2169,0
2170,1
2171,0
2172,1
2173,1
2174,0
2175,0
2176,0
2177,1
2178,1
2179,1
2180,0
2181,0
2182,0
2183,0
2184,0
2185,1
2186,0
2187,0
2188,1
2189,1
2190,0
2191,0
2192,1
2193,0
2194,1
2195,1
2196,1
2197,1
2198,0
2199,1
2200,1
2201,0
2202,0
2203,1
2204,1
2205,1
2206,0
2207,0
2208,0
2209,0
2210,1
2211,0
2212,0
2213,1
2214,0
2215,0
2216,1
2217,1
2218,0
2219,0
2220,1
2221,1
2222,1
2223,0
2224,1
2225,1
2226,0
2227,1
2228,0
2229,1
2230,0
2231,0
2232,0
2233,0
2234,1
2235,0
2236,0
2237,0
2238,0
2239,1
2240,0
2241,0
2242,1
2243,0
2244,0
2245,1
2246,1
2247,0
2248,0
2249,0
2250,0
2251,0
2252,1
2253,1
2254,0
2255,1
2256,1
2257,1
2258,0
2259,1
2260,0
2261,0
2262,1
2263,0
2264,1
2265,1
2266,0
2267,1
2268,1
2269,0
2270,0
2271,0
2272,0
2273,0
2274,0
2275,1
2276,0
2277,0
2278,1
2279,1
2280,0
2281,0
2282,0
2283,1
2284,0
2285,0
2286,0
2287,1
2288,0
2289,1
2290,0
2291,0
2292,0
2293,0
2294,0
2295,1
2296,1
2297,0
2298,1
2299,1
2300,1
2301,0
2302,0
2303,0
2304,1
2305,0
2306,1
2307,1
2308,1
2309,0
2310,0
2311,1
2312,0
2313,1
2314,1
2315,1
2316,0
2317,0
2318,1
2319,0
2320,1
2321,0
2322,0
2323,1
2324,0
2325,0
2326,0
2327,0
2328,1
2329,0
2330,1
2331,1
2332,0
2333,1
2334,0
2335,0
2336,0
2337,1
2338,1
2339,1
2340,0
2341,0
2342,1
2343,0
2344,1
2345,0
2346,1
2347,1
2348,0
2349,1
2350,0
2351,0
2352,1
2353,1
2354,1
2355,0
2356,1
2357,1
2358,1
2359,0
2360,1
2361,1
2362,1
2363,1
2364,1
2365,1
2366,1
2367,0
2368,1
2369,0
2370,0
2371,0
2372,1
2373,0
2374,1
2375,0
2376,1
2377,1
2378,1
2379,0
2380,1
2381,0
2382,1
2383,1
2384,1
2385,0
2386,0
2387,1
2388,0
2389,0
2390,1
2391,1
2392,0
2393,0
2394,0
2395,0
2396,0
2397,1
2398,1
2399,0
2400,0
2401,1
2402,1
2403,1
2404,0
2405,0
2406,1
2407,0
2408,0
2409,1
2410,1
2411,1
2412,0
2413,1
2414,0
2415,1
2416,1
2417,1
2418,0
2419,1
2420,0
2421,0
2422,1
2423,0
2424,0
2425,0
2426,1
2427,1
2428,1
2429,0
2430,1
2431,1
2432,1
2433,0
2434,1
2435,1
2436,0
2437,0
2438,0
2439,0
2440,0
2441,0
2442,1
2443,1
2444,0
2445,1
2446,0
2447,1
2448,1
2449,0
2450,1
2451,1
2452,1
2453,1
2454,1
2455,1
2456,0
2457,1
2458,0
2459,1
2460,1
2461,1
2462,1
2463,0
2464,0
2465,1
2466,0
2467,1
2468,0
2469,1
2470,1
2471,0
2472,1
2473,0
2474,1
2475,0
2476,1
2477,0
2478,0
2479,1
2480,0
2481,0
2482,1
2483,1
2484,1
2485,0
2486,0
2487,1
2488,0
2489,1
2490,0
2491,1
2492,1
2493,1
2494,1
2495,0
2496,0
2497,0
2498,1
2499,1
2500,1
2501,1
2502,0
2503,1
2504,1
2505,0
2506,1
2507,0
2508,0
2509,1
2510,0
2511,0
2512,1
2513,1
2514,0
2515,0
2516,0
2517,0
2518,1
2519,1
2520,0
2521,1
2522,0
2523,1
2524,0
2525,1
2526,1
2527,0
2528,0
2529,1
2530,0
2531,0
2532,0
2533,1
2534,1
2535,0
2536,0
2537,0
2538,1
2539,0
2540,1
2541,0
2542,1
2543,0
2544,1
2545,0
2546,0
2547,0
2548,1
2549,0
2550,1
2551,0
2552,1
2553,1
2554,1
2555,0
2556,1
2557,1
2558,0
2559,0
2560,1
2561,1
2562,0
2563,0
2564,1
2565,1
2566,0
2567,0
2568,0
2569,0
2570,1
2571,0
2572,0
2573,1
2574,0
2575,1
2576,1
2577,1
2578,1
2579,0
2580,1
2581,1
2582,1
2583,1
2584,1
2585,0
2586,1
2587,1
2588,1
2589,1
2590,0
2591,1
2592,0
2593,0
2594,0
2595,0
2596,0
2597,1
2598,1
2599,0
2600,1
2601,1
2602,1
2603,1
2604,1
2605,0
2606,0
2607,0
2608,1
2609,1
2610,1
2611,1
2612,0
2613,0
2614,1
2615,1
2616,0
2617,0
2618,1
2619,0
2620,0
2621,1
2622,1
2623,1
2624,0
2625,1
2626,1
2627,1
2628,1
2629,0
2630,1
2631,1
2632,1
2633,0
2634,1
2635,1
2636,0
2637,0
2638,0
2639,0
2640,0
2641,0
2642,0
2643,0
2644,1
2645,0
2646,1
2647,1
2648,1
2649,1
2650,1
2651,1
2652,0
2653,0
2654,1
2655,1
2656,0
2657,1
2658,1
2659,1
2660,0
2661,0
2662,1
2663,1
2664,0
2665,0
2666,0
2667,0
2668,1
2669,1
2670,1
2671,0
2672,0
2673,1
2674,0
2675,1
2676,0
2677,0
2678,1
2679,0
2680,0
2681,1
2682,1
2683,1
2684,1
2685,1
2686,0
2687,1
2688,1
2689,1
2690,0
2691,1
2692,1
2693,0
2694,1
2695,1
2696,1
2697,0
2698,0
2699,0
2700,0
2701,0
2702,0
2703,0
2704,1
2705,1
2706,1
2707,0
2708,0
2709,0
2710,0
2711,1
2712,1
2713,0
2714,1
2715,0
2716,0
2717,0
2718,1
2719,0
2720,0
2721,1
2722,0
2723,1
2724,1
2725,1
2726,0
2727,1
2728,1
2729,0
2730,0
2731,0
2732,1
2733,1
2734,1
2735,1
2736,0
2737,0
2738,1
2739,0
2740,0
2741,1
2742,0
2743,0
2744,0
2745,1
2746,0
2747,1
2748,1
2749,1
2750,1
2751,0
2752,0
2753,0
2754,0
2755,1
2756,1
2757,0
2758,1
2759,0
2760,1
2761,1
2762,0
2763,0
2764,1
2765,0
2766,1
2767,1
2768,0
2769,0
2770,0
2771,0
2772,0
2773,1
2774,0
2775,1
2776,1
2777,1
2778,1
2779,1
2780,1
2781,1
2782,0
2783,0
2784,0
2785,1
2786,0
2787,1
2788,0
2789,1
2790,1
2791,0
2792,1
2793,0
2794,1
2795,0
2796,0
2797,1
2798,1
2799,0
2800,1
2801,0
2802,1
2803,0
2804,0
2805,1
2806,0
2807,1
2808,1
2809,1
2810,1
2811,1
2812,1
2813,0
2814,0
2815,0
2816,1
2817,0
2818,1
2819,0
2820,0
2821,0
2822,1
2823,0
2824,1
2825,1
2826,1
2827,1
2828,0
2829,0
2830,1
2831,0
2832,1
2833,0
2834,0
2835,1
2836,0
2837,1
2838,1
2839,1
2840,0
2841,1
2842,1
2843,0
2844,0
2845,1
2846,1
2847,1
2848,1
2849,1
2850,0
2851,1
2852,0
2853,1
2854,1
2855,0
2856,1
2857,0
2858,0
2859,1
2860,0
2861,0
2862,1
2863,1
2864,1
2865,1
2866,0
2867,1
2868,0
2869,1
2870,0
2871,0
2872,0
2873,1
2874,1
2875,1
2876,1
2877,0
2878,1
2879,1
2880,1
2881,0
2882,1
2883,0
2884,0
2885,1
2886,0
2887,0
2888,1
2889,1
2890,1
2891,1
2892,1
2893,0
2894,1
2895,0
2896,0
2897,1
2898,0
2899,0
2900,1
2901,0
2902,1
2903,0
2904,0
2905,0
2906,0
2907,1
2908,1
2909,0
2910,1
2911,1
2912,1
2913,0
2914,1
2915,1
2916,0
2917,1
2918,0
2919,0
2920,0
2921,0
2922,0
2923,0
2924,1
2925,1
2926,0
2927,0
2928,1
2929,0
2930,0
2931,0
2932,0
2933,0
2934,1
2935,1
2936,1
2937,0
2938,1
2939,1
2940,0
2941,1
2942,1
2943,0
2944,0
2945,1
2946,0
2947,0
2948,0
2949,0
2950,0
2951,0
2952,0
2953,1
2954,1
2955,0
2956,0
2957,1
2958,1
2959,0
2960,1
2961,1
2962,1
2963,0
2964,0
2965,1
2966,0
2967,0
2968,1
2969,1
2970,0
2971,1
2972,0
2973,1
2974,1
2975,0
2976,0
2977,0
2978,0
2979,0
2980,1
2981,1
2982,1
2983,0
2984,0
2985,1
2986,0
2987,1
2988,0
2989,1
2990,0
2991,1
2992,1
2993,1
2994,0
2995,0
2996,1
2997,1
2998,0
2999,1
3000,0
3001,1
3002,0
3003,0
3004,1
3005,0
3006,0
3007,0
3008,0
3009,1
3010,0
3011,1
3012,1
3013,0
3014,1
3015,0
3016,1
3017,1
3018,1
3019,1
3020,1
3021,1
3022,0
3023,0
3024,0
3025,0
3026,0
3027,1
3028,1
3029,0
3030,0
3031,0
3032,0
3033,1
3034,0
3035,0
3036,0
3037,1
3038,1
3039,0
3040,1
3041,0
3042,0
3043,1
3044,0
3045,1
3046,0
3047,0
3048,0
3049,0
3050,0
3051,0
3052,0
3053,1
3054,0
3055,0
3056,0
3057,0
3058,0
3059,1
3060,1
3061,0
3062,1
3063,0
3064,0
3065,1
3066,0
3067,0
3068,1
3069,1
3070,1
3071,0
3072,0
3073,0
3074,0
3075,0
3076,1
3077,0
3078,1
3079,1
3080,0
3081,0
3082,0
3083,0
3084,0
3085,1
3086,1
3087,1
3088,0
3089,0
3090,0
3091,0
3092,1
3093,0
3094,1
3095,1
3096,1
3097,1
3098,1
3099,0
3100,1
3101,0
3102,0
3103,0
3104,1
3105,1
3106,1
3107,1
3108,0
3109,1
3110,0
3111,1
3112,1
3113,1
3114,1
3115,0
3116,1
3117,0
3118,0
3119,1
3120,0
3121,1
3122,0
3123,1
3124,0
3125,1
3126,0
3127,0
3128,0
3129,0
3130,1
3131,0
3132,0
3133,0
3134,1
3135,0
3136,1
3137,0
3138,0
3139,1
3140,1
3141,1
3142,0
3143,0
3144,1
3145,0
3146,1
3147,0
3148,0
3149,0
3150,1
3151,1
3152,0
3153,1
3154,1
3155,0
3156,0
3157,0
3158,0
3159,1
3160,0
3161,0
3162,0
3163,1
3164,1
3165,0
3166,0
3167,1
3168,1
3169,1
3170,0
3171,0
3172,1
3173,0
3174,1
3175,1
3176,1
3177,0
3178,0
3179,1
3180,1
3181,1
3182,0
3183,0
3184,0
3185,0
3186,1
3187,0
3188,0
3189,1
3190,0
3191,1
3192,0
3193,0
3194,0
3195,1
3196,0
3197,1
3198,1
3199,1
3200,0
3201,1
3202,0
3203,1
3204,1
3205,1
3206,1
3207,1
3208,0
3209,0
3210,1
3211,1
3212,1
3213,0
3214,1
3215,0
3216,0
3217,1
3218,1
3219,1
3220,0
3221,0
3222,0
3223,1
3224,1
3225,0
3226,0
3227,1
3228,1
3229,0
3230,1
3231,1
3232,0
3233,0
3234,0
3235,1
3236,1
3237,0
3238,1
3239,0
3240,0
3241,1
3242,1
3243,0
3244,1
3245,1
3246,1
3247,1
3248,0
3249,1
3250,1
3251,0
3252,1
3253,1
3254,1
3255,1
3256,1
3257,0
3258,0
3259,1
3260,1
3261,1
3262,0
3263,1
3264,0
3265,0
3266,1
3267,0
3268,1
3269,1
3270,0
3271,0
3272,1
3273,0
3274,1
3275,0
3276,1
3277,1
3278,0
3279,1
3280,0
3281,1
3282,0
3283,0
3284,0
3285,1
3286,1
3287,1
3288,0
3289,0
3290,1
3291,0
3292,0
3293,1
3294,1
3295,0
3296,0
3297,1
3298,0
3299,1
3300,0
3301,0
3302,0
3303,0
3304,1
3305,1
3306,0
3307,1
3308,1
3309,1
3310,1
3311,1
3312,1
3313,0
3314,0
3315,0
3316,1
3317,1
3318,1
3319,0
3320,0
3321,1
3322,0
3323,0
3324,0
3325,1
3326,0
3327,0
3328,0
3329,0
3330,0
3331,0
3332,1
3333,0
3334,1
3335,0
3336,1
3337,1
3338,0
3339,1
3340,1
3341,0
3342,1
3343,1
3344,0
3345,1
3346,1
3347,0
3348,1
3349,0
3350,0
3351,0
3352,0
3353,1
3354,1
3355,0
3356,1
3357,0
3358,1
3359,0
3360,1
3361,1
3362,0
3363,1
3364,1
3365,0
3366,1
3367,1
3368,1
3369,1
3370,1
3371,1
3372,1
3373,1
3374,0
3375,0
3376,1
3377,0
3378,0
3379,1
3380,1
3381,1
3382,0
3383,1
3384,1
3385,0
3386,0
3387,1
3388,1
3389,0
3390,0
3391,0
3392,0
3393,0
3394,0
3395,0
3396,1
3397,1
3398,0
3399,0
3400,1
3401,1
3402,0
3403,1
3404,0
3405,0
3406,1
3407,0
3408,0
3409,1
3410,0
3411,1
3412,1
3413,0
3414,0
3415,0
3416,0
3417,0
3418,1
3419,0
3420,0
3421,0
3422,1
3423,0
3424,0
3425,0
3426,1
3427,0
3428,0
3429,1
3430,1
3431,1
3432,0
3433,0
3434,0
3435,1
3436,1
3437,0
3438,0
3439,0
3440,0
3441,1
3442,1
3443,0
3444,0
3445,1
3446,1
3447,0
3448,1
3449,1
3450,0
3451,1
3452,1
3453,1
3454,1
3455,0
3456,0
3457,0
3458,1
3459,1
3460,1
3461,1
3462,0
3463,1
3464,0
3465,0
3466,1
3467,1
3468,1
3469,1
3470,0
3471,0
3472,1
3473,1
3474,1
3475,1
3476,1
3477,0
3478,0
3479,0
3480,1
3481,1
3482,0
3483,1
3484,0
3485,0
3486,1
3487,1
3488,0
3489,1
3490,1
3491,1
3492,0
3493,1
3494,1
3495,1
3496,0
3497,1
3498,0
3499,1
3500,1
3501,0
3502,1
3503,1
3504,0
3505,0
3506,0
3507,0
3508,1
3509,0
3510,0
3511,0
3512,0
3513,0
3514,0
3515,1
3516,0
3517,1
3518,0
3519,0
3520,1
3521,1
3522,0
3523,1
3524,1
3525,1
3526,0
3527,1
3528,0
3529,0
3530,1
3531,1
3532,0
3533,1
3534,1
3535,1
3536,0
3537,0
3538,0
3539,0
3540,0
3541,1
3542,0
3543,1
3544,0
3545,0
3546,0
3547,0
3548,1
3549,0
3550,0
3551,1
3552,0
3553,0
3554,1
3555,0
3556,0
3557,0
3558,1
3559,1
3560,0
3561,1
3562,0
3563,0
3564,0
3565,0
3566,0
3567,1
3568,0
3569,1
3570,0
3571,1
3572,0
3573,1
3574,0
3575,1
3576,0
3577,1
3578,1
3579,1
3580,0
3581,1
3582,0
3583,0
3584,1
3585,1
3586,0
3587,0
3588,1
3589,0
3590,0
3591,0
3592,0
3593,1
3594,0
3595,1
3596,1
3597,0
3598,0
3599,1
3600,1
3601,1
3602,0
3603,1
3604,0
3605,0
3606,0
3607,1
3608,1
3609,0
3610,1
3611,1
3612,1
3613,1
3614,1
3615,0
3616,0
3617,1
3618,0
3619,1
3620,0
3621,1
3622,0
3623,0
3624,0
3625,1
3626,0
3627,0
3628,0
3629,1
3630,0
3631,0
3632,1
3633,1
3634,0
3635,1
3636,0
3637,0
3638,0
3639,1
3640,0
3641,0
3642,0
3643,1
3644,1
3645,0
3646,1
3647,0
3648,1
3649,1
3650,0
3651,0
3652,0
3653,0
3654,1
3655,1
3656,0
3657,1
3658,1
3659,0
3660,0
3661,1
3662,1
3663,1
3664,1
3665,1
3666,0
3667,1
3668,0
3669,1
3670,0
3671,0
3672,1
3673,0
3674,1
3675,1
3676,1
3677,0
3678,0
3679,0
3680,1
3681,0
3682,0
3683,1
3684,1
3685,1
3686,0
3687,0
3688,1
3689,0
3690,0
3691,0
3692,0
3693,1
3694,1
3695,1
3696,1
3697,1
3698,0
3699,1
3700,0
3701,0
3702,1
3703,0
3704,0
3705,0
3706,1
3707,0
3708,0
3709,1
3710,1
3711,1
3712,1
3713,1
3714,0
3715,1
3716,0
3717,0
3718,1
3719,0
3720,1
3721,0
3722,1
3723,1
3724,0
3725,0
3726,1
3727,1
3728,1
3729,1
3730,0
3731,1
3732,0
3733,1
3734,0
3735,0
3736,1
3737,1
3738,0
3739,1
3740,0
3741,1
3742,0
3743,0
3744,0
3745,0
3746,0
3747,1
3748,0
3749,0
3750,0
3751,1
3752,0
3753,0
3754,1
3755,1
3756,1
3757,1
3758,0
3759,1
3760,1
3761,0
3762,1
3763,1
3764,0
3765,0
3766,1
3767,1
3768,1
3769,1
3770,1
3771,1
3772,0
3773,0
3774,1
3775,1
3776,0
3777,1
3778,1
3779,0
3780,1
3781,0
3782,1
3783,0
3784,0
3785,1
3786,0
3787,0
3788,1
3789,0
3790,1
3791,0
3792,0
3793,0
3794,1
3795,1
3796,1
3797,0
3798,1
3799,1
3800,0
3801,1
3802,1
3803,1
3804,0
3805,0
3806,1
3807,0
3808,0
3809,1
3810,0
3811,1
3812,0
3813,0
3814,1
3815,1
3816,0
3817,1
3818,1
3819,1
3820,0
3821,1
3822,1
3823,1
3824,1
3825,0
3826,1
3827,1
3828,0
3829,1
3830,0
3831,1
3832,1
3833,1
3834,0
3835,0
3836,0
3837,1
3838,0
3839,1
3840,1
3841,1
3842,1
3843,0
3844,1
3845,0
3846,1
3847,0
3848,0
3849,0
3850,0
3851,0
3852,0
3853,0
3854,1
3855,0
3856,1
3857,0
3858,0
3859,0
3860,0
3861,1
3862,1
3863,0
3864,1
3865,0
3866,1
3867,1
3868,0
3869,0
3870,1
3871,0
3872,1
3873,0
3874,0
3875,1
3876,0
3877,0
3878,1
3879,1
3880,1
3881,1
3882,0
3883,0
3884,0
3885,1
3886,0
3887,0
3888,0
3889,1
3890,1
3891,1
3892,1
3893,0
3894,0
3895,1
3896,0
3897,1
3898,0
3899,0
3900,0
3901,1
3902,1
3903,1
3904,1
3905,1
3906,1
3907,0
3908,0
3909,1
3910,0
3911,1
3912,0
3913,1
3914,0
3915,0
3916,1
3917,1
3918,1
3919,0
3920,1
3921,1
3922,0
3923,1
3924,0
3925,1
3926,1
3927,1
3928,0
3929,0
3930,1
3931,0
3932,1
3933,0
3934,1
3935,0
3936,1
3937,1
3938,1
3939,0
3940,0
3941,0
3942,0
3943,0
3944,0
3945,0
3946,1
3947,0
3948,1
3949,0
3950,0
3951,1
3952,0
3953,0
3954,1
3955,1
3956,0
3957,0
3958,1
3959,0
3960,1
3961,1
3962,0
3963,1
3964,0
3965,0
3966,0
3967,0
3968,1
3969,0
3970,1
3971,1
3972,1
3973,1
3974,0
3975,1
3976,1
3977,0
3978,0
3979,1
3980,1
3981,0
3982,0
3983,1
3984,0
3985,1
3986,0
3987,1
3988,1
3989,1
3990,1
3991,0
3992,1
3993,1
3994,0
3995,1
3996,0
3997,0
3998,0
3999,0
4000,1
4001,0
4002,0
4003,0
4004,0
4005,0
4006,0
4007,0
4008,0
4009,1
4010,0
4011,1
4012,0
4013,1
4014,0
4015,1
4016,1
4017,0
4018,0
4019,1
4020,1
4021,0
4022,0
4023,1
4024,1
4025,1
4026,0
4027,0
4028,0
4029,1
4030,0
4031,0
4032,1
4033,1
4034,0
4035,1
4036,0
4037,0
4038,0
4039,0
4040,0
4041,1
4042,1
4043,0
4044,1
4045,0
4046,0
4047,1
4048,1
4049,1
4050,1
4051,0
4052,1
4053,0
4054,0
4055,1
4056,1
4057,1
4058,1
4059,1
4060,1
4061,0
4062,0
4063,0
4064,0
4065,0
4066,0
4067,1
4068,0
4069,0
4070,0
4071,0
4072,1
4073,1
4074,0
4075,1
4076,1
4077,0
4078,1
4079,0
4080,1
4081,1
4082,0
4083,1
4084,0
4085,0
4086,0
4087,1
4088,0
4089,0
4090,1
4091,1
4092,1
4093,0
4094,1
4095,0
4096,1
4097,1
4098,0
4099,0
4100,1
4101,0
4102,0
4103,0
4104,0
4105,1
4106,0
4107,1
4108,0
4109,0
4110,1
4111,0
4112,1
4113,1
4114,1
4115,1
4116,1
4117,1
4118,1
4119,1
4120,1
4121,1
4122,0
4123,0
4124,0
4125,1
4126,1
4127,1
4128,1
4129,0
4130,1
4131,0
4132,0
4133,1
4134,1
4135,1
4136,0
4137,0
4138,0
4139,0
4140,0
4141,0
4142,0
4143,0
4144,1
4145,0
4146,0
4147,0
4148,1
4149,1
4150,1
4151,1
4152,0
4153,1
4154,1
4155,1
4156,1
4157,1
4158,1
4159,0
4160,0
4161,0
4162,0
4163,1
4164,1
4165,1
4166,0
4167,0
4168,1
4169,1
4170,0
4171,0
4172,0
4173,0
4174,1
4175,0
4176,0
4177,1
4178,0
4179,0
4180,1
4181,1
4182,0
4183,0
4184,0
4185,1
4186,1
4187,0
4188,1
4189,0
4190,0
4191,0
4192,1
4193,0
4194,1
4195,1
4196,1
4197,1
4198,1
4199,0
4200,1
4201,1
4202,1
4203,0
4204,0
4205,0
4206,0
4207,0
4208,0
4209,0
4210,1
4211,0
4212,1
4213,1
4214,0
4215,0
4216,1
4217,1
4218,1
4219,0
4220,1
4221,0
4222,0
4223,1
4224,1
4225,1
4226,1
4227,1
4228,1
4229,1
4230,1
4231,0
4232,0
4233,0
4234,0
4235,0
4236,0
4237,1
4238,0
4239,1
4240,0
4241,0
4242,0
4243,1
4244,0
4245,0
4246,1
4247,1
4248,0
4249,1
4250,0
4251,0
4252,1
4253,0
4254,1
4255,0
4256,0
4257,1
4258,0
4259,0
4260,1
4261,0
4262,0
4263,0
4264,0
4265,0
4266,1
4267,1
4268,0
4269,0
4270,1
4271,0
4272,0
4273,1
4274,0
4275,0
4276,0
4277,1
4278,1
4279,1
4280,1
4281,0
4282,0
4283,0
4284,0
4285,0
4286,0
4287,0
4288,1
4289,1
4290,1
4291,0
4292,0
4293,0
4294,0
4295,1
4296,1
4297,1
4298,1
4299,1
4300,1
4301,1
4302,1
4303,0
4304,1
4305,1
4306,1
4307,0
4308,1
4309,0
4310,0
4311,1
4312,0
4313,1
4314,0
4315,1
4316,1
4317,0
4318,1
4319,0
4320,1
4321,1
4322,1
4323,0
4324,0
4325,0
4326,1
4327,1
4328,1
4329,0
4330,1
4331,1
4332,1
4333,0
4334,1
4335,0
4336,1
4337,1
4338,1
4339,1
4340,0
4341,1
4342,0
4343,0
4344,0
4345,0
4346,1
4347,0
4348,0
4349,1
4350,0
4351,1
4352,1
4353,0
4354,1
4355,0
4356,1
4357,1
4358,0
4359,1
4360,0
4361,1
4362,0
4363,1
4364,1
4365,0
4366,0
4367,0
4368,1
4369,0
4370,1
4371,0
4372,0
4373,1
4374,1
4375,0
4376,0
4377,1
4378,0
4379,1
4380,1
4381,1
4382,1
4383,0
4384,1
4385,0
4386,1
4387,0
4388,0
4389,0
4390,1
4391,1
4392,1
4393,0
4394,1
4395,1
4396,0
4397,1
4398,0
4399,0
4400,1
4401,0
4402,1
4403,0
4404,0
4405,1
4406,0
4407,0
4408,0
4409,0
4410,0
4411,1
4412,0
4413,0
4414,0
4415,1
4416,1
4417,1
4418,0
4419,0
4420,0
4421,0
4422,0
4423,1
4424,0
4425,1
4426,0
4427,1
4428,1
4429,0
4430,1
4431,1
4432,1
4433,0
4434,0
4435,0
4436,0
4437,0
4438,0
4439,0
4440,0
4441,1
4442,0
4443,0
4444,0
4445,0
4446,1
4447,1
4448,0
4449,1
4450,0
4451,0
4452,1
4453,0
4454,0
4455,1
4456,0
4457,1
4458,1
4459,0
4460,1
4461,1
4462,1
4463,0
4464,0
4465,1
4466,0
4467,1
4468,1
4469,1
4470,0
4471,0
4472,1
4473,1
4474,1
4475,1
4476,0
4477,1
4478,1
4479,1
4480,0
4481,0
4482,1
4483,0
4484,0
4485,0
4486,1
4487,0
4488,0
4489,0
4490,0
4491,1
4492,1
4493,0
4494,0
4495,1
4496,1
4497,0
4498,1
4499,1
4500,0
4501,1
4502,0
4503,0
4504,1
4505,0
4506,0
4507,0
4508,1
4509,0
4510,1
4511,0
4512,1
4513,1
4514,0
4515,0
4516,0
4517,0
4518,0
4519,0
4520,1
4521,0
4522,1
4523,0
4524,1
4525,1
4526,0
4527,1
4528,0
4529,1
4530,1
4531,1
4532,1
4533,1
4534,1
4535,0
4536,0
4537,1
4538,0
4539,0
4540,0
4541,1
4542,0
4543,1
4544,0
4545,0
4546,0
4547,0
4548,0
4549,0
4550,0
4551,0
4552,1
4553,0
4554,0
4555,1
4556,1
4557,1
4558,0
4559,1
4560,0
4561,1
4562,0
4563,0
4564,0
4565,1
4566,1
4567,0
4568,0
4569,1
4570,1
4571,0
4572,0
4573,1
4574,1
4575,1
4576,0
4577,1
4578,1
4579,0
4580,1
4581,0
4582,1
4583,1
4584,1
4585,1
4586,1
4587,1
4588,1
4589,0
4590,0
4591,1
4592,1
4593,1
4594,1
4595,1
4596,0
4597,1
4598,1
4599,0
4600,1
4601,0
4602,1
4603,0
4604,1
4605,0
4606,1
4607,1
4608,1
4609,1
4610,0
4611,1
4612,1
4613,1
4614,0
4615,0
4616,0
4617,1
4618,1
4619,1
4620,0
4621,1
4622,1
4623,1
4624,0
4625,1
4626,0
4627,1
4628,1
4629,0
4630,0
4631,1
4632,1
4633,1
4634,1
4635,0
4636,0
4637,1
4638,0
4639,1
4640,0
4641,1
4642,0
4643,1
4644,0
4645,0
4646,0
4647,1
4648,1
4649,0
4650,0
4651,0
4652,1
4653,1
4654,1
4655,0
4656,0
4657,0
4658,0
4659,0
4660,1
4661,1
4662,1
4663,1
4664,0
4665,1
4666,0
4667,1
4668,0
4669,1
4670,1
4671,1
4672,1
4673,1
4674,0
4675,0
4676,1
4677,0
4678,0
4679,1
4680,1
4681,0
4682,0
4683,0
4684,0
4685,0
4686,1
4687,0
4688,0
4689,0
4690,0
4691,1
4692,0
4693,1
4694,1
4695,0
4696,0
4697,1
4698,1
4699,0
4700,1
4701,0
4702,0
4703,1
4704,1
4705,1
4706,0
4707,0
4708,0
4709,0
4710,1
4711,0
4712,1
4713,0
4714,1
4715,1
4716,0
4717,0
4718,0
4719,1
4720,0
4721,0
4722,1
4723,0
4724,0
4725,0
4726,0
4727,0
4728,0
4729,1
4730,0
4731,0
4732,0
4733,0
4734,0
4735,1
4736,1
4737,0
4738,0
4739,1
4740,1
4741,1
4742,1
4743,1
4744,0
4745,1
4746,1
4747,0
4748,1
4749,0
4750,0
4751,1
4752,0
4753,1
4754,0
4755,0
4756,0
4757,0
4758,0
4759,0
4760,1
4761,1
4762,1
4763,0
4764,0
4765,0
4766,1
4767,0
4768,0
4769,1
4770,1
4771,1
4772,0
4773,0
4774,1
4775,1
4776,0
4777,0
4778,1
4779,1
4780,1
4781,1
4782,0
4783,0
4784,1
4785,1
4786,0
4787,0
4788,1
4789,0
4790,1
4791,1
4792,1
4793,1
4794,1
4795,0
4796,0
4797,1
4798,1
4799,0
4800,1
4801,1
4802,1
4803,1
4804,0
4805,0
4806,1
4807,1
4808,0
4809,0
4810,0
4811,0
4812,0
4813,1
4814,1
4815,1
4816,1
4817,1
4818,1
4819,0
4820,1
4821,0
4822,1
4823,1
4824,0
4825,0
4826,1
4827,0
4828,0
4829,1
4830,0
4831,0
4832,0
4833,0
4834,0
4835,0
4836,0
4837,0
4838,1
4839,0
4840,1
4841,0
4842,1
4843,0
4844,1
4845,0
4846,1
4847,0
4848,0
4849,1
4850,1
4851,1
4852,1
4853,1
4854,0
4855,1
4856,1
4857,0
4858,1
4859,0
4860,1
4861,0
4862,0
4863,0
4864,0
4865,0
4866,0
4867,0
4868,0
4869,1
4870,0
4871,0
4872,1
4873,0
4874,1
4875,1
4876,0
4877,1
4878,1
4879,1
4880,1
4881,1
4882,0
4883,0
4884,0
4885,1
4886,1
4887,0
4888,1
4889,0
4890,0
4891,1
4892,0
4893,0
4894,1
4895,1
4896,1
4897,0
4898,1
4899,0
4900,0
4901,1
4902,1
4903,1
4904,1
4905,0
4906,1
4907,0
4908,0
4909,0
4910,0
4911,0
4912,1
4913,1
4914,1
4915,1
4916,1
4917,0
4918,1
4919,0
4920,1
4921,0
4922,1
4923,0
4924,0
4925,0
4926,0
4927,1
4928,0
4929,1
4930,1
4931,1
4932,0
4933,0
4934,0
4935,1
4936,1
4937,1
4938,1
4939,1
4940,1
4941,1
4942,1
4943,1
4944,1
4945,1
4946,0
4947,1
4948,0
4949,1
4950,0
4951,1
4952,0
4953,1
4954,0
4955,0
4956,1
4957,1
4958,1
4959,1
4960,0
4961,0
4962,1
4963,0
4964,0
4965,1
4966,1
4967,0
4968,0
4969,0
4970,0
4971,0
4972,0
4973,1
4974,1
4975,1
4976,0
4977,0
4978,1
4979,1
4980,0
4981,0
4982,0
4983,1
4984,1
4985,0
4986,1
4987,0
4988,0
4989,1
4990,0
4991,1
4992,0
4993,1
4994,1
4995,0
4996,1
4997,1
4998,1
4999,0
5000,1
5001,0
5002,1
5003,0
5004,0
5005,1
5006,0
5007,0
5008,0
5009,0
5010,1
5011,1
5012,1
5013,1
5014,1
5015,1
5016,0
5017,1
5018,0
5019,0
5020,0
5021,1
5022,1
5023,0
5024,1
5025,0
5026,1
5027,1
5028,0
5029,1
5030,0
5031,1
5032,1
5033,1
5034,1
5035,0
5036,0
5037,0
5038,0
5039,0
5040,0
5041,1
5042,0
5043,0
5044,1
5045,0
5046,1
5047,1
5048,1
5049,1
5050,1
5051,0
5052,0
5053,0
5054,1
5055,0
5056,1
5057,0
5058,1
5059,1
5060,0
5061,0
5062,0
5063,1
5064,1
5065,0
5066,0
5067,1
5068,1
5069,1
5070,0
5071,0
5072,1
5073,1
5074,1
5075,0
5076,1
5077,0
5078,1
5079,1
5080,1
5081,1
5082,1
5083,1
5084,1
5085,1
5086,0
5087,1
5088,0
5089,1
5090,0
5091,1
5092,1
5093,0
5094,0
5095,1
5096,0
5097,0
5098,1
5099,0
5100,1
5101,1
5102,1
5103,1
5104,1
5105,0
5106,0
5107,1
5108,1
5109,0
5110,0
5111,1
5112,0
5113,0
5114,0
5115,1
5116,1
5117,1
5118,1
5119,0
5120,0
5121,1
5122,1
5123,0
5124,1
5125,0
5126,0
5127,1
5128,1
5129,0
5130,0
5131,1
5132,1
5133,0
5134,1
5135,1
5136,1
5137,0
5138,1
5139,0
5140,0
5141,1
5142,0
5143,0
5144,1
5145,1
5146,1
5147,1
5148,1
5149,0
5150,0
5151,1
5152,0
5153,0
5154,0
5155,1
5156,0
5157,1
5158,0
5159,1
5160,1
5161,0
5162,0
5163,1
5164,0
5165,1
5166,0
5167,0
5168,0
5169,0
5170,1
5171,0
5172,0
5173,1
5174,1
5175,1
5176,1
5177,1
5178,1
5179,0
5180,1
5181,1
5182,1
5183,0
5184,0
5185,1
5186,1
5187,1
5188,1
5189,0
5190,0
5191,0
5192,1
5193,0
5194,1
5195,0
5196,1
5197,1
5198,0
5199,1
5200,1
5201,1
5202,0
5203,1
5204,0
5205,0
5206,0
5207,1
5208,1
5209,0
5210,1
5211,0
5212,0
5213,1
5214,0
5215,0
5216,0
5217,0
5218,1
5219,1
5220,1
5221,0
5222,0
5223,0
5224,0
5225,0
5226,1
5227,1
5228,0
5229,0
5230,0
5231,0
5232,1
5233,1
5234,1
5235,0
5236,0
5237,1
5238,0
5239,0
5240,0
5241,0
5242,1
5243,0
5244,1
5245,0
5246,1
5247,1
5248,1
5249,0
5250,1
5251,1
5252,1
5253,0
5254,1
5255,0
5256,0
5257,0
5258,0
5259,0
5260,0
5261,1
5262,1
5263,1
5264,0
5265,0
5266,1
5267,1
5268,1
5269,1
5270,0
5271,1
5272,0
5273,0
5274,1
5275,0
5276,0
5277,1
5278,1
5279,1
5280,1
5281,1
5282,1
5283,1
5284,1
5285,0
5286,0
5287,1
5288,0
5289,0
5290,1
5291,1
5292,0
5293,1
5294,1
5295,1
5296,0
5297,1
5298,1
5299,1
5300,0
5301,1
5302,1
5303,0
5304,0
5305,0
5306,1
5307,1
5308,0
5309,0
5310,0
5311,0
5312,1
5313,1
5314,0
5315,0
5316,0
5317,0
5318,0
5319,0
5320,0
5321,0
5322,0
5323,1
5324,1
5325,0
5326,1
5327,1
5328,0
5329,1
5330,1
5331,1
5332,0
5333,0
5334,0
5335,1
5336,0
5337,0
5338,1
5339,1
5340,1
5341,1
5342,0
5343,1
5344,1
5345,0
5346,0
5347,1
5348,1
5349,1
5350,0
5351,1
5352,1
5353,1
5354,1
5355,0
5356,0
5357,1
5358,1
5359,0
5360,1
5361,1
5362,0
5363,1
5364,0
5365,0
5366,0
5367,0
5368,1
5369,0
5370,1
5371,1
5372,1
5373,1
5374,0
5375,0
5376,1
5377,1
5378,1
5379,1
5380,0
5381,0
5382,1
5383,1
5384,1
5385,0
5386,0
5387,0
5388,0
5389,0
5390,1
5391,0
5392,0
5393,0
5394,1
5395,0
5396,0
5397,1
5398,1
5399,0
5400,0
5401,0
5402,1
5403,0
5404,1
5405,0
5406,0
5407,0
5408,0
5409,1
5410,1
5411,1
5412,1
5413,1
5414,0
5415,1
5416,1
5417,0
5418,0
5419,0
5420,0
5421,1
5422,1
5423,1
5424,0
5425,0
5426,0
5427,0
5428,1
5429,0
5430,0
5431,1
5432,0
5433,1
5434,1
5435,1
5436,1
5437,1
5438,0
5439,1
5440,0
5441,0
5442,0
5443,1
5444,1
5445,1
5446,0
5447,0
5448,0
5449,0
5450,0
5451,1
5452,0
5453,0
5454,1
5455,0
5456,0
5457,1
5458,0
5459,0
5460,1
5461,0
5462,0
5463,0
5464,0
5465,0
5466,1
5467,1
5468,0
5469,0
5470,0
5471,0
5472,1
5473,1
5474,0
5475,0
5476,0
5477,0
5478,0
5479,1
5480,1
5481,1
5482,1
5483,1
5484,1
5485,1
5486,1
5487,1
5488,0
5489,1
5490,1
5491,1
5492,0
5493,0
5494,1
5495,0
5496,1
5497,1
5498,1
5499,0
5500,0
5501,0
5502,1
5503,0
5504,0
5505,0
5506,1
5507,0
5508,0
5509,0
5510,0
5511,1
5512,1
5513,0
5514,1
5515,0
5516,0
5517,0
5518,0
5519,1
5520,0
5521,1
5522,1
5523,1
5524,0
5525,1
5526,1
5527,1
5528,0
5529,0
5530,0
5531,1
5532,0
5533,0
5534,0
5535,1
5536,0
5537,0
5538,1
5539,1
5540,1
5541,0
5542,1
5543,1
5544,0
5545,1
5546,0
5547,1
5548,0
5549,1
5550,0
5551,1
5552,0
5553,0
5554,0
5555,0
5556,0
5557,0
5558,0
5559,0
5560,0
5561,0
5562,0
5563,0
5564,1
5565,1
5566,0
5567,0
5568,1
5569,1
5570,1
5571,1
5572,1
5573,1
5574,1
5575,0
5576,0
5577,1
5578,0
5579,0
5580,0
5581,0
5582,0
5583,1
5584,1
5585,0
5586,0
5587,0
5588,0
5589,1
5590,0
5591,0
5592,1
5593,0
5594,1
5595,0
5596,0
5597,1
5598,1
5599,1
5600,0
5601,1
5602,0
5603,1
5604,0
5605,0
5606,1
5607,1
5608,1
5609,0
5610,0
5611,0
5612,0
5613,1
5614,1
5615,1
5616,0
5617,0
5618,0
5619,1
5620,1
5621,0
5622,0
5623,0
5624,1
5625,0
5626,0
5627,1
5628,1
5629,1
5630,0
5631,0
5632,1
5633,1
5634,0
5635,0
5636,0
5637,1
5638,1
5639,0
5640,1
5641,0
5642,1
5643,1
5644,1
5645,0
5646,0
5647,0
5648,0
5649,1
5650,1
5651,0
5652,1
5653,1
5654,1
5655,1
5656,1
5657,0
5658,1
5659,0
5660,1
5661,0
5662,1
5663,0
5664,0
5665,0
5666,0
5667,1
5668,1
5669,0
5670,1
5671,1
5672,1
5673,1
5674,0
5675,0
5676,1
5677,1
5678,0
5679,1
5680,0
5681,1
5682,0
5683,1
5684,1
5685,0
5686,1
5687,0
5688,0
5689,0
5690,0
5691,1
5692,0
5693,1
5694,1
5695,1
5696,1
5697,0
5698,0
5699,0
5700,1
5701,0
5702,0
5703,0
5704,0
5705,1
5706,0
5707,0
5708,1
5709,0
5710,1
5711,1
5712,0
5713,1
5714,1
5715,0
5716,0
5717,0
5718,1
5719,0
5720,0
5721,1
5722,1
5723,0
5724,1
5725,1
5726,1
5727,0
5728,1
5729,1
5730,1
5731,1
5732,1
5733,0
5734,0
5735,0
5736,0
5737,1
5738,1
5739,0
5740,0
5741,1
5742,1
5743,1
5744,1
5745,1
5746,0
5747,1
5748,0
5749,1
5750,1
5751,0
5752,0
5753,0
5754,1
5755,0
5756,0
5757,0
5758,1
5759,1
5760,0
5761,1
5762,1
5763,1
5764,1
5765,1
5766,1
5767,1
5768,1
5769,0
5770,1
5771,0
5772,0
5773,1
5774,1
5775,1
5776,1
5777,0
5778,1
5779,0
5780,1
5781,1
5782,0
5783,1
5784,1
5785,1
5786,1
5787,0
5788,1
5789,1
5790,1
5791,1
5792,0
5793,1
5794,0
5795,0
5796,1
5797,0
5798,1
5799,1
5800,1
5801,0
5802,1
5803,0
5804,1
5805,0
5806,1
5807,0
5808,0
5809,0
5810,0
5811,0
5812,0
5813,0
5814,0
5815,1
5816,0
5817,1
5818,1
5819,1
5820,1
5821,1
5822,0
5823,0
5824,1
5825,1
5826,0
5827,0
5828,1
5829,0
5830,0
5831,0
5832,0
5833,0
5834,0
5835,1
5836,0
5837,1
5838,1
5839,1
5840,1
5841,0
5842,0
5843,0
5844,0
5845,1
5846,1
5847,0
5848,1
5849,0
5850,1
5851,0
5852,0
5853,0
5854,1
5855,0
5856,0
5857,1
5858,1
5859,0
5860,1
5861,0
5862,1
5863,0
5864,1
5865,1
5866,1
5867,1
5868,1
5869,0
5870,0
5871,1
5872,1
5873,0
5874,0
5875,1
5876,0
5877,0
5878,0
5879,1
5880,1
5881,1
5882,0
5883,0
5884,1
5885,1
5886,0
5887,1
5888,1
5889,0
5890,0
5891,0
5892,0
5893,0
5894,1
5895,1
5896,0
5897,0
5898,1
5899,1
5900,1
5901,0
5902,1
5903,1
5904,0
5905,0
5906,0
5907,1
5908,1
5909,1
5910,1
5911,0
5912,0
5913,1
5914,0
5915,0
5916,1
5917,1
5918,1
5919,0
5920,1
5921,1
5922,1
5923,0
5924,0
5925,0
5926,0
5927,1
5928,1
5929,0
5930,0
5931,1
5932,1
5933,0
5934,1
5935,1
5936,0
5937,1
5938,0
5939,1
5940,1
5941,0
5942,0
5943,0
5944,1
5945,1
5946,0
5947,1
5948,0
5949,1
5950,1
5951,1
5952,1
5953,1
5954,0
5955,1
5956,1
5957,0
5958,0
5959,1
5960,1
5961,0
5962,0
5963,1
5964,0
5965,1
5966,0
5967,0
5968,1
5969,0
5970,1
5971,0
5972,0
5973,1
5974,0
5975,0
5976,1
5977,0
5978,0
5979,0
5980,0
5981,0
5982,1
5983,0
5984,1
5985,1
5986,1
5987,1
5988,0
5989,0
5990,0
5991,1
5992,1
5993,0
5994,0
5995,0
5996,0
5997,0
5998,1
5999,1
6000,1
6001,1
6002,1
6003,0
6004,0
6005,0
6006,0
6007,0
6008,0
6009,0
6010,1
6011,0
6012,1
6013,1
6014,1
6015,0
6016,1
6017,1
6018,0
6019,0
6020,0
6021,0
6022,1
6023,0
6024,0
6025,0
6026,1
6027,0
6028,0
6029,0
6030,1
6031,1
6032,0
6033,0
6034,1
6035,0
6036,0
6037,1
6038,0
6039,0
6040,1
6041,0
6042,0
6043,1
6044,0
6045,1
6046,0
6047,0
6048,1
6049,0
6050,0
6051,1
6052,1
6053,1
6054,1
6055,1
6056,1
6057,0
6058,0
6059,1
6060,0
6061,1
6062,1
6063,0
6064,0
6065,1
6066,1
6067,1
6068,0
6069,0
6070,1
6071,0
6072,1
6073,0
6074,1
6075,0
6076,1
6077,1
6078,0
6079,1
6080,1
6081,1
6082,0
6083,0
6084,0
6085,0
6086,1
6087,1
6088,0
6089,1
6090,1
6091,1
6092,1
6093,1
6094,1
6095,0
6096,0
6097,0
6098,1
6099,0
6100,1
6101,1
6102,1
6103,0
6104,0
6105,1
6106,0
6107,0
6108,1
6109,0
6110,1
6111,0
6112,1
6113,0
6114,0
6115,0
6116,0
6117,1
6118,0
6119,1
6120,1
6121,1
6122,1
6123,1
6124,1
6125,1
6126,1
6127,0
6128,1
6129,0
6130,1
6131,0
6132,0
6133,1
6134,0
6135,0
6136,0
6137,1
6138,0
6139,1
6140,1
6141,0
6142,1
6143,0
6144,0
6145,0
6146,0
6147,0
6148,1
6149,1
6150,0
6151,1
6152,1
6153,0
6154,1
6155,0
6156,1
6157,0
6158,1
6159,1
6160,0
6161,0
6162,0
6163,1
6164,1
6165,1
6166,1
6167,0
6168,1
6169,0
6170,0
6171,1
6172,0
6173,0
6174,0
6175,0
6176,1
6177,1
6178,0
6179,0
6180,1
6181,1
6182,1
6183,1
6184,1
6185,1
6186,0
6187,1
6188,1
6189,0
6190,1
6191,0
6192,1
6193,0
6194,0
6195,0
6196,1
6197,0
6198,1
6199,1
6200,1
6201,0
6202,0
6203,0
6204,0
6205,0
6206,0
6207,0
6208,0
6209,0
6210,0
6211,0
6212,0
6213,0
6214,1
6215,0
6216,0
6217,1
6218,1
6219,0
6220,1
6221,1
6222,0
6223,0
6224,0
6225,1
6226,1
6227,1
6228,1
6229,1
6230,0
6231,0
6232,0
6233,0
6234,0
6235,0
6236,1
6237,0
6238,0
6239,1
6240,0
6241,0
6242,0
6243,1
6244,1
6245,0
6246,1
6247,0
6248,0
6249,1
6250,1
6251,0
6252,0
6253,1
6254,0
6255,0
6256,1
6257,1
6258,1
6259,0
6260,0
6261,1
6262,1
6263,0
6264,0
6265,0
6266,0
6267,0
6268,0
6269,0
6270,1
6271,1
6272,0
6273,1
6274,0
6275,1
6276,1
6277,0
6278,1
6279,0
6280,0
6281,0
6282,1
6283,0
6284,0
6285,1
6286,0
6287,0
6288,0
6289,0
6290,0
6291,1
6292,0
6293,1
6294,1
6295,1
6296,1
6297,1
6298,1
6299,1
6300,1
6301,0
6302,1
6303,1
6304,0
6305,1
6306,0
6307,1
6308,0
6309,1
6310,0
6311,1
6312,1
6313,1
6314,0
6315,0
6316,0
6317,0
6318,0
6319,0
6320,0
6321,1
6322,0
6323,1
6324,1
6325,0
6326,0
6327,1
6328,1
6329,0
6330,0
6331,0
6332,1
6333,1
6334,0
6335,0
6336,1
6337,1
6338,1
6339,1
6340,1
6341,1
6342,0
6343,1
6344,0
6345,1
6346,1
6347,1
6348,0
6349,1
6350,1
6351,1
6352,0
6353,0
6354,1
6355,0
6356,1
6357,0
6358,1
6359,0
6360,1
6361,1
6362,1
6363,1
6364,0
6365,1
6366,1
6367,1
6368,1
6369,0
6370,1
6371,1
6372,1
6373,0
6374,0
6375,1
6376,1
6377,0
6378,0
6379,0
6380,1
6381,1
6382,1
6383,0
6384,0
6385,1
6386,0
6387,1
6388,0
6389,1
6390,0
6391,0
6392,1
6393,1
6394,1
6395,0
6396,1
6397,0
6398,0
6399,0
6400,0
6401,1
6402,1
6403,0
6404,0
6405,0
6406,1
6407,0
6408,1
6409,0
6410,0
6411,1
6412,1
6413,1
6414,1
6415,1
6416,0
6417,1
6418,0
6419,0
6420,0
6421,0
6422,1
6423,0
6424,0
6425,1
6426,1
6427,1
6428,0
6429,1
6430,1
6431,0
6432,1
6433,1
6434,1
6435,1
6436,1
6437,0
6438,1
6439,0
6440,0
6441,1
6442,0
6443,0
6444,1
6445,0
6446,1
6447,0
6448,1
6449,1
6450,1
6451,1
6452,1
6453,0
6454,0
6455,1
6456,0
6457,1
6458,1
6459,1
6460,1
6461,1
6462,0
6463,1
6464,0
6465,1
6466,1
6467,0
6468,0
6469,1
6470,0
6471,0
6472,1
6473,1
6474,0
6475,1
6476,1
6477,0
6478,0
6479,1
6480,0
6481,1
6482,0
6483,0
6484,1
6485,0
6486,1
6487,1
6488,0
6489,0
6490,1
6491,0
6492,1
6493,1
6494,0
6495,1
6496,1
6497,1
6498,0
6499,0
6500,0
6501,1
6502,0
6503,1
6504,1
6505,1
6506,1
6507,0
6508,0
6509,1
6510,1
6511,0
6512,0
6513,0
6514,1
6515,0
6516,0
6517,1
6518,0
6519,1
6520,0
6521,1
6522,1
6523,1
6524,1
6525,1
6526,0
6527,0
6528,0
6529,1
6530,1
6531,0
6532,1
6533,1
6534,0
6535,1
6536,1
6537,0
6538,1
6539,0
6540,0
6541,1
6542,0
6543,1
6544,1
6545,1
6546,1
6547,1
6548,1
6549,1
6550,1
6551,1
6552,1
6553,0
6554,1
6555,1
6556,1
6557,0
6558,0
6559,0
6560,0
6561,1
6562,0
6563,1
6564,1
6565,0
6566,0
6567,0
6568,0
6569,1
6570,1
6571,0
6572,1
6573,1
6574,0
6575,0
6576,1
6577,0
6578,0
6579,1
6580,0
6581,0
6582,1
6583,0
6584,1
6585,0
6586,1
6587,0
6588,1
6589,0
6590,0
6591,0
6592,0
6593,1
6594,1
6595,1
6596,1
6597,0
6598,1
6599,0
6600,0
6601,1
6602,1
6603,1
6604,0
6605,0
6606,1
6607,1
6608,1
6609,1
6610,1
6611,1
6612,1
6613,1
6614,0
6615,1
6616,1
6617,1
6618,1
6619,0
6620,0
6621,1
6622,1
6623,0
6624,0
6625,1
6626,0
6627,1
6628,0
6629,1
6630,1
6631,0
6632,1
6633,1
6634,1
6635,1
6636,0
6637,1
6638,1
6639,0
6640,0
6641,1
6642,0
6643,1
6644,1
6645,1
6646,0
6647,1
6648,1
6649,0
6650,0
6651,1
6652,0
6653,0
6654,1
6655,0
6656,0
6657,0
6658,1
6659,1
6660,0
6661,0
6662,0
6663,0
6664,0
6665,0
6666,1
6667,1
6668,0
6669,0
6670,0
6671,0
6672,1
6673,1
6674,0
6675,0
6676,0
6677,0
6678,0
6679,1
6680,0
6681,1
6682,1
6683,0
6684,0
6685,0
6686,0
6687,1
6688,0
6689,0
6690,0
6691,0
6692,0
6693,1
6694,0
6695,1
6696,1
6697,1
6698,0
6699,1
6700,0
6701,0
6702,1
6703,0
6704,1
6705,0
6706,0
6707,1
6708,0
6709,1
6710,1
6711,0
6712,0
6713,1
6714,0
6715,1
6716,1
6717,0
6718,0
6719,0
6720,1
6721,0
6722,0
6723,1
6724,0
6725,0
6726,1
6727,1
6728,1
6729,0
6730,1
6731,0
6732,1
6733,1
6734,1
6735,0
6736,1
6737,1
6738,0
6739,0
6740,1
6741,0
6742,1
6743,1
6744,1
6745,0
6746,0
6747,0
6748,0
6749,1
6750,1
6751,0
6752,1
6753,1
6754,1
6755,1
6756,1
6757,0
6758,0
6759,0
6760,0
6761,1
6762,1
6763,0
6764,1
6765,0
6766,0
6767,1
6768,0
6769,1
6770,0
6771,1
6772,1
6773,0
6774,0
6775,1
6776,0
6777,0
6778,0
6779,0
6780,0
6781,1
6782,0
6783,1
6784,1
6785,1
6786,1
6787,0
6788,0
6789,0
6790,0
6791,1
6792,1
6793,1
6794,0
6795,0
6796,1
6797,0
6798,0
6799,1
6800,1
6801,0
6802,0
6803,0
6804,0
6805,0
6806,1
6807,1
6808,0
6809,0
6810,0
6811,1
6812,1
6813,0
6814,1
6815,0
6816,1
6817,0
6818,1
6819,0
6820,0
6821,1
6822,0
6823,1
6824,0
6825,1
6826,0
6827,0
6828,0
6829,1
6830,0
6831,0
6832,0
6833,1
6834,0
6835,1
6836,1
6837,1
6838,0
6839,0
6840,1
6841,0
6842,0
6843,0
6844,0
6845,0
6846,1
6847,0
6848,1
6849,1
6850,1
6851,1
6852,1
6853,1
6854,1
6855,1
6856,0
6857,1
6858,1
6859,0
6860,0
6861,0
6862,0
6863,1
6864,0
6865,1
6866,1
6867,1
6868,1
6869,0
6870,0
6871,0
6872,0
6873,0
6874,1
6875,0
6876,1
6877,1
6878,1
6879,0
6880,0
6881,1
6882,0
6883,1
6884,0
6885,1
6886,1
6887,0
6888,0
6889,1
6890,0
6891,1
6892,0
6893,1
6894,1
6895,0
6896,1
6897,0
6898,0
6899,1
6900,0
6901,0
6902,0
6903,0
6904,0
6905,1
6906,1
6907,1
6908,1
6909,1
6910,1
6911,0
6912,0
6913,1
6914,1
6915,0
6916,1
6917,0
6918,1
6919,1
6920,0
6921,1
6922,1
6923,1
6924,1
6925,1
6926,1
6927,0
6928,0
6929,0
6930,0
6931,0
6932,1
6933,0
6934,1
6935,0
6936,1
6937,1
6938,1
6939,1
6940,1
6941,1
6942,1
6943,0
6944,0
6945,1
6946,1
6947,1
6948,0
6949,1
6950,0
6951,0
6952,1
6953,1
6954,1
6955,1
6956,0
6957,0
6958,0
6959,0
6960,0
6961,1
6962,1
6963,1
6964,1
6965,1
6966,1
6967,0
6968,1
6969,1
6970,0
6971,0
6972,1
6973,0
6974,1
6975,1
6976,1
6977,1
6978,0
6979,0
6980,1
6981,0
6982,1
6983,0
6984,0
6985,0
6986,1
6987,1
6988,0
6989,1
6990,0
6991,1
6992,0
6993,1
6994,1
6995,0
6996,1
6997,0
6998,0
6999,0
7000,1
7001,0
7002,1
7003,1
7004,1
7005,0
7006,1
7007,1
7008,0
7009,1
7010,1
7011,1
7012,1
7013,1
7014,1
7015,1
7016,0
7017,0
7018,0
7019,1
7020,0
7021,1
7022,0
7023,1
7024,1
7025,1
7026,0
7027,0
7028,1
7029,0
7030,1
7031,1
7032,1
7033,0
7034,1
7035,1
7036,1
7037,0
7038,1
7039,0
7040,0
7041,0
7042,1
7043,0
7044,1
7045,0
7046,0
7047,1
7048,1
7049,1
7050,1
7051,0
7052,1
7053,0
7054,1
7055,0
7056,0
7057,0
7058,0
7059,1
7060,1
7061,1
7062,1
7063,0
7064,1
7065,1
7066,1
7067,1
7068,0
7069,0
7070,1
7071,0
7072,1
7073,0
7074,1
7075,0
7076,1
7077,0
7078,0
7079,0
7080,0
7081,0
7082,1
7083,1
7084,0
7085,0
7086,1
7087,1
7088,1
7089,1
7090,1
7091,1
7092,1
7093,0
7094,1
7095,0
7096,0
7097,1
7098,1
7099,0
7100,0
7101,1
7102,0
7103,0
7104,0
7105,0
7106,1
7107,1
7108,0
7109,1
7110,1
7111,0
7112,0
7113,0
7114,0
7115,1
7116,0
7117,0
7118,1
7119,0
7120,0
7121,0
7122,0
7123,0
7124,1
7125,0
7126,1
7127,1
7128,0
7129,1
7130,0
7131,0
7132,0
7133,1
7134,0
7135,0
7136,0
7137,1
7138,0
7139,0
7140,1
7141,0
7142,0
7143,0
7144,0
7145,0
7146,0
7147,0
7148,0
7149,1
7150,1
7151,0
7152,0
7153,0
7154,0
7155,1
7156,0
7157,0
7158,1
7159,1
7160,0
7161,1
7162,0
7163,0
7164,1
7165,1
7166,1
7167,0
7168,0
7169,0
7170,1
7171,0
7172,0
7173,0
7174,0
7175,0
7176,1
7177,0
7178,0
7179,0
7180,1
7181,1
7182,1
7183,0
7184,1
7185,0
7186,0
7187,0
7188,1
7189,1
7190,0
7191,0
7192,1
7193,0
7194,0
7195,1
7196,1
7197,1
7198,0
7199,0
7200,1
7201,1
7202,0
7203,1
7204,0
7205,0
7206,0
7207,0
7208,1
7209,0
7210,1
7211,0
7212,1
7213,1
7214,0
7215,1
7216,0
7217,1
7218,0
7219,0
7220,0
7221,1
7222,1
7223,1
7224,1
7225,0
7226,1
7227,1
7228,1
7229,1
7230,1
7231,1
7232,0
7233,0
7234,0
7235,1
7236,0
7237,1
7238,0
7239,1
7240,1
7241,0
7242,1
7243,0
7244,1
7245,1
7246,0
7247,1
7248,0
7249,1
7250,0
7251,0
7252,0
7253,0
7254,1
7255,0
7256,1
7257,0
7258,1
7259,1
7260,0
7261,1
7262,0
7263,0
7264,1
7265,1
7266,1
7267,1
7268,1
7269,1
7270,1
7271,0
7272,0
7273,1
7274,0
7275,0
7276,0
7277,0
7278,1
7279,0
7280,0
7281,0
7282,0
7283,0
7284,1
7285,0
7286,1
7287,1
7288,0
7289,0
7290,1
7291,1
7292,1
7293,0
7294,0
7295,0
7296,1
7297,0
7298,0
7299,1
7300,1
7301,0
7302,0
7303,1
7304,0
7305,0
7306,1
7307,1
7308,1
7309,0
7310,0
7311,1
7312,0
7313,1
7314,1
7315,1
7316,1
7317,1
7318,1
7319,1
7320,1
7321,0
7322,1
7323,1
7324,1
7325,1
7326,0
7327,0
7328,1
7329,0
7330,0
7331,1
7332,0
7333,1
7334,0
7335,1
7336,1
7337,1
7338,0
7339,0
7340,1
7341,0
7342,0
7343,0
7344,1
7345,1
7346,0
7347,1
7348,1
7349,0
7350,1
7351,0
7352,1
7353,1
7354,1
7355,0
7356,1
7357,0
7358,0
7359,1
7360,1
7361,1
7362,0
7363,0
7364,1
7365,0
7366,0
7367,0
7368,0
7369,1
7370,1
7371,1
7372,1
7373,0
7374,0
7375,0
7376,0
7377,1
7378,1
7379,0
7380,0
7381,1
7382,0
7383,0
7384,1
7385,1
7386,0
7387,1
7388,0
7389,1
7390,0
7391,0
7392,0
7393,0
7394,0
7395,0
7396,0
7397,1
7398,0
7399,0
7400,0
7401,1
7402,0
7403,0
7404,1
7405,0
7406,0
7407,0
7408,1
7409,1
7410,0
7411,1
7412,1
7413,1
7414,0
7415,0
7416,1
7417,0
7418,0
7419,0
7420,1
7421,0
7422,1
7423,0
7424,0
7425,0
7426,1
7427,0
7428,1
7429,1
7430,1
7431,1
7432,1
7433,1
7434,0
7435,1
7436,0
7437,1
7438,1
7439,1
7440,1
7441,1
7442,1
7443,1
7444,1
7445,1
7446,0
7447,1
7448,0
7449,0
7450,0
7451,0
7452,1
7453,1
7454,0
7455,1
7456,0
7457,1
7458,0
7459,1
7460,0
7461,1
7462,1
7463,0
7464,1
7465,1
7466,0
7467,0
7468,1
7469,1
7470,0
7471,1
7472,1
7473,1
7474,1
7475,1
7476,1
7477,0
7478,1
7479,0
7480,1
7481,0
7482,1
7483,0
7484,0
7485,0
7486,0
7487,1
7488,0
7489,0
7490,1
7491,0
7492,1
7493,1
7494,0
7495,1
7496,1
7497,0
7498,0
7499,1
7500,0
7501,1
7502,1
7503,0
7504,1
7505,0
7506,0
7507,0
7508,1
7509,1
7510,1
7511,0
7512,0
7513,1
7514,1
7515,0
7516,1
7517,0
7518,1
7519,0
7520,0
7521,1
7522,1
7523,0
7524,1
7525,1
7526,1
7527,1
7528,0
7529,1
7530,0
7531,0
7532,1
7533,0
7534,0
7535,0
7536,0
7537,1
7538,0
7539,1
7540,0
7541,1
7542,0
7543,0
7544,1
7545,0
7546,1
7547,1
7548,0
7549,0
7550,0
7551,0
7552,0
7553,1
7554,0
7555,1
7556,0
7557,0
7558,0
7559,1
7560,0
7561,0
7562,0
7563,1
7564,1
7565,0
7566,0
7567,0
7568,0
7569,1
7570,0
7571,1
7572,1
7573,1
7574,0
7575,0
7576,1
7577,1
7578,0
7579,0
7580,1
7581,0
7582,1
7583,0
7584,1
7585,1
7586,1
7587,1
7588,0
7589,1
7590,1
7591,1
7592,1
7593,1
7594,1
7595,0
7596,1
7597,1
7598,0
7599,1
7600,1
7601,0
7602,1
7603,0
7604,1
7605,1
7606,1
7607,0
7608,1
7609,1
7610,1
7611,1
7612,1
7613,1
7614,1
7615,1
7616,0
7617,1
7618,0
7619,0
7620,0
7621,1
7622,0
7623,1
7624,0
7625,1
7626,1
7627,1
7628,0
7629,0
7630,0
7631,0
7632,1
7633,1
7634,1
7635,1
7636,0
7637,1
7638,0
7639,1
7640,1
7641,0
7642,1
7643,1
7644,1
7645,1
7646,0
7647,0
7648,0
7649,0
7650,0
7651,1
7652,1
7653,0
7654,0
7655,0
7656,0
7657,1
7658,0
7659,0
7660,0
7661,1
7662,0
7663,1
7664,0
7665,1
7666,0
7667,0
7668,1
7669,1
7670,0
7671,0
7672,0
7673,0
7674,1
7675,1
7676,1
7677,1
7678,1
7679,1
7680,1
7681,1
7682,0
7683,1
7684,0
7685,1
7686,1
7687,1
7688,1
7689,0
7690,1
7691,1
7692,1
7693,1
7694,1
7695,0
7696,0
7697,0
7698,1
7699,0
7700,1
7701,0
7702,1
7703,1
7704,0
7705,0
7706,0
7707,0
7708,0
7709,1
7710,0
7711,1
7712,1
7713,1
7714,1
7715,0
7716,1
7717,1
7718,1
7719,0
7720,1
7721,0
7722,1
7723,1
7724,0
7725,1
7726,0
7727,1
7728,0
7729,1
7730,1
7731,1
7732,0
7733,0
7734,1
7735,1
7736,0
7737,0
7738,1
7739,1
7740,1
7741,0
7742,1
7743,1
7744,0
7745,0
7746,1
7747,0
7748,1
7749,0
7750,0
7751,1
7752,0
7753,1
7754,1
7755,1
7756,1
7757,1
7758,0
7759,0
7760,0
7761,0
7762,1
7763,0
7764,1
7765,0
7766,0
7767,1
7768,1
7769,1
7770,1
7771,0
7772,1
7773,1
7774,0
7775,1
7776,1
7777,1
7778,0
7779,1
7780,1
7781,0
7782,0
7783,1
7784,0
7785,1
7786,1
7787,1
7788,1
7789,0
7790,0
7791,0
7792,1
7793,1
7794,1
7795,0
7796,0
7797,1
7798,0
7799,1
7800,1
7801,0
7802,1
7803,1
7804,0
7805,0
7806,1
7807,0
7808,1
7809,1
7810,1
7811,0
7812,1
7813,0
7814,0
7815,0
7816,0
7817,0
7818,1
7819,0
7820,0
7821,1
7822,0
7823,0
7824,1
7825,0
7826,1
7827,0
7828,0
7829,0
7830,1
7831,0
7832,1
7833,0
7834,1
7835,0
7836,1
7837,1
7838,1
7839,1
7840,0
7841,0
7842,1
7843,0
7844,0
7845,0
7846,0
7847,0
7848,1
7849,0
7850,1
7851,0
7852,0
7853,0
7854,0
7855,1
7856,0
7857,0
7858,1
7859,0
7860,0
7861,1
7862,0
7863,1
7864,0
7865,0
7866,0
7867,1
7868,1
7869,0
7870,0
7871,1
7872,0
7873,1
7874,1
7875,0
7876,0
7877,1
7878,1
7879,1
7880,1
7881,1
7882,1
7883,1
7884,1
7885,0
7886,0
7887,0
7888,1
7889,0
7890,1
7891,0
7892,0
7893,1
7894,1
7895,0
7896,1
7897,0
7898,0
7899,1
7900,1
7901,0
7902,1
7903,0
7904,0
7905,1
7906,0
7907,1
7908,1
7909,1
7910,1
7911,0
7912,1
7913,1
7914,0
7915,0
7916,1
7917,0
7918,0
7919,1
7920,0
7921,1
7922,0
7923,0
7924,1
7925,0
7926,0
7927,0
7928,1
7929,0
7930,0
7931,1
7932,1
7933,0
7934,0
7935,0
7936,0
7937,1
7938,0
7939,1
7940,1
7941,0
7942,1
7943,0
7944,1
7945,1
7946,1
7947,0
7948,1
7949,1
7950,1
7951,0
7952,0
7953,1
7954,0
7955,1
7956,1
7957,0
7958,0
7959,1
7960,1
7961,1
7962,1
7963,0
7964,0
7965,1
7966,1
7967,0
7968,1
7969,1
7970,0
7971,1
7972,1
7973,1
7974,1
7975,0
7976,0
7977,1
7978,0
7979,0
7980,0
7981,0
7982,1
7983,0
7984,0
7985,1
7986,0
7987,1
7988,1
7989,1
7990,1
7991,0
7992,0
7993,0
7994,1
7995,1
7996,1
7997,0
7998,1
7999,0
8000,1
8001,0
8002,1
8003,1
8004,0
8005,1
8006,0
8007,1
8008,1
8009,1
8010,1
8011,1
8012,0
8013,1
8014,0
8015,1
8016,1
8017,1
8018,0
8019,1
8020,1
8021,1
8022,1
8023,0
8024,0
8025,0
8026,1
8027,1
8028,0
8029,0
8030,1
8031,0
8032,0
8033,1
8034,1
8035,1
8036,0
8037,0
8038,1
8039,1
8040,1
8041,1
8042,1
8043,0
8044,1
8045,1
8046,1
8047,0
8048,1
8049,0
8050,0
8051,1
8052,0
8053,0
8054,0
8055,0
8056,1
8057,0
8058,1
8059,0
8060,0
8061,0
8062,1
8063,0
8064,0
8065,0
8066,0
8067,1
8068,1
8069,1
8070,1
8071,1
8072,1
8073,1
8074,0
8075,1
8076,1
8077,1
8078,1
8079,1
8080,1
8081,1
8082,0
8083,1
8084,0
8085,0
8086,0
8087,0
8088,0
8089,1
8090,0
8091,0
8092,1
8093,0
8094,1
8095,0
8096,0
8097,1
8098,0
8099,0
8100,0
8101,0
8102,1
8103,1
8104,0
8105,1
8106,0
8107,1
8108,1
8109,0
8110,1
8111,0
8112,1
8113,1
8114,0
8115,0
8116,1
8117,1
8118,1
8119,0
8120,1
8121,1
8122,0
8123,1
8124,0
8125,1
8126,1
8127,1
8128,0
8129,0
8130,1
8131,0
8132,0
8133,1
8134,0
8135,1
8136,1
8137,0
8138,1
8139,0
8140,1
8141,0
8142,1
8143,0
8144,1
8145,0
8146,1
8147,1
8148,1
8149,0
8150,1
8151,1
8152,1
8153,0
8154,1
8155,0
8156,0
8157,0
8158,0
8159,0
8160,0
8161,1
8162,1
8163,0
8164,1
8165,1
8166,1
8167,1
8168,0
8169,0
8170,0
8171,1
8172,1
8173,0
8174,1
8175,0
8176,1
8177,1
8178,0
8179,1
8180,1
8181,0
8182,0
8183,1
8184,1
8185,1
8186,1
8187,1
8188,1
8189,0
8190,1
8191,0
8192,1
8193,0
8194,0
8195,0
8196,0
8197,1
8198,0
8199,0
8200,1
8201,1
8202,0
8203,0
8204,1
8205,0
8206,1
8207,0
8208,0
8209,0
8210,1
8211,0
8212,1
8213,0
8214,1
8215,0
8216,0
8217,0
8218,1
8219,0
8220,1
8221,1
8222,0
8223,1
8224,1
8225,1
8226,0
8227,0
8228,1
8229,0
8230,0
8231,0
8232,0
8233,1
8234,0
8235,1
8236,0
8237,1
8238,1
8239,1
8240,1
8241,1
8242,1
8243,1
8244,0
8245,1
8246,0
8247,1
8248,0
8249,1
8250,0
8251,0
8252,0
8253,0
8254,1
8255,1
8256,0
8257,1
8258,0
8259,1
8260,0
8261,1
8262,1
8263,0
8264,1
8265,1
8266,1
8267,0
8268,1
8269,0
8270,1
8271,1
8272,0
8273,0
8274,1
8275,0
8276,1
8277,0
8278,1
8279,0
8280,0
8281,0
8282,0
8283,0
8284,0
8285,1
8286,1
8287,0
8288,1
8289,0
8290,1
8291,0
8292,1
8293,1
8294,1
8295,0
8296,1
8297,1
8298,1
8299,1
8300,1
8301,0
8302,0
8303,0
8304,1
8305,0
8306,1
8307,1
8308,0
8309,0
8310,0
8311,0
8312,1
8313,0
8314,0
8315,1
8316,1
8317,1
8318,0
8319,0
8320,0
8321,0
8322,1
8323,0
8324,1
8325,1
8326,0
8327,1
8328,1
8329,1
8330,1
8331,1
8332,1
8333,0
8334,1
8335,0
8336,0
8337,1
8338,0
8339,0
8340,0
8341,0
8342,0
8343,1
8344,0
8345,1
8346,0
8347,1
8348,0
8349,0
8350,1
8351,1
8352,0
8353,1
8354,1
8355,1
8356,0
8357,0
8358,0
8359,1
8360,1
8361,0
8362,1
8363,0
8364,1
8365,0
8366,0
8367,0
8368,1
8369,1
8370,1
8371,1
8372,1
8373,0
8374,1
8375,1
8376,0
8377,1
8378,1
8379,0
8380,0
8381,0
8382,0
8383,1
8384,1
8385,0
8386,1
8387,1
8388,1
8389,0
8390,0
8391,1
8392,1
8393,0
8394,0
8395,0
8396,0
8397,0
8398,1
8399,0
8400,0
8401,1
8402,0
8403,1
8404,0
8405,0
8406,0
8407,0
8408,0
8409,1
8410,0
8411,1
8412,0
8413,0
8414,0
8415,1
8416,0
8417,0
8418,0
8419,1
8420,1
8421,0
8422,1
8423,1
8424,1
8425,1
8426,0
8427,0
8428,1
8429,1
8430,0
8431,1
8432,0
8433,0
8434,1
8435,0
8436,0
8437,1
8438,0
8439,0
8440,0
8441,0
8442,1
8443,0
8444,0
8445,0
8446,1
8447,1
8448,1
8449,0
8450,1
8451,0
8452,1
8453,1
8454,0
8455,1
8456,1
8457,0
8458,0
8459,0
8460,1
8461,1
8462,1
8463,1
8464,0
8465,0
8466,1
8467,0
8468,0
8469,0
8470,1
8471,0
8472,1
8473,0
8474,1
8475,1
8476,1
8477,0
8478,0
8479,1
8480,0
8481,1
8482,1
8483,0
8484,1
8485,0
8486,0
8487,1
8488,0
8489,0
8490,0
8491,0
8492,0
8493,1
8494,0
8495,0
8496,1
8497,0
8498,0
8499,1
8500,0
8501,1
8502,0
8503,0
8504,1
8505,1
8506,1
8507,0
8508,1
8509,0
8510,0
8511,1
8512,0
8513,1
8514,1
8515,0
8516,1
8517,0
8518,0
8519,0
8520,0
8521,0
8522,1
8523,0
8524,0
8525,0
8526,1
8527,0
8528,0
8529,0
8530,0
8531,1
8532,1
8533,1
8534,1
8535,0
8536,0
8537,0
8538,0
8539,0
8540,1
8541,0
8542,0
8543,1
8544,0
8545,1
8546,0
8547,1
8548,0
8549,1
8550,0
8551,0
8552,1
8553,0
8554,1
8555,0
8556,1
8557,0
8558,0
8559,0
8560,1
8561,1
8562,0
8563,1
8564,1
8565,0
8566,1
8567,1
8568,0
8569,1
8570,1
8571,1
8572,0
8573,0
8574,0
8575,0
8576,0
8577,1
8578,0
8579,1
8580,0
8581,1
8582,0
8583,0
8584,1
8585,1
8586,1
8587,1
8588,1
8589,1
8590,0
8591,1
8592,0
8593,0
8594,1
8595,0
8596,1
8597,1
8598,0
8599,1
8600,0
8601,0
8602,0
8603,1
8604,0
8605,1
8606,0
8607,0
8608,1
8609,1
8610,1
8611,1
8612,0
8613,0
8614,0
8615,0
8616,0
8617,1
8618,1
8619,1
8620,1
8621,1
8622,0
8623,1
8624,1
8625,0
8626,1
8627,0
8628,1
8629,1
8630,0
8631,0
8632,0
8633,0
8634,0
8635,0
8636,1
8637,1
8638,1
8639,0
8640,0
8641,1
8642,1
8643,1
8644,0
8645,0
8646,1
8647,1
8648,1
8649,0
8650,0
8651,0
8652,0
8653,0
8654,1
8655,0
8656,1
8657,0
8658,1
8659,1
8660,1
8661,1
8662,0
8663,0
8664,1
8665,1
8666,1
8667,0
8668,0
8669,0
8670,0
8671,0
8672,1
8673,0
8674,1
8675,0
8676,1
8677,1
8678,1
8679,1
8680,0
8681,0
8682,0
8683,1
8684,0
8685,0
8686,0
8687,1
8688,0
8689,0
8690,1
8691,0
8692,1
8693,0
8694,1
8695,0
8696,0
8697,1
8698,1
8699,1
8700,1
8701,0
8702,0
8703,0
8704,0
8705,1
8706,1
8707,1
8708,0
8709,0
8710,0
8711,1
8712,1
8713,0
8714,0
8715,1
8716,0
8717,0
8718,1
8719,1
8720,0
8721,1
8722,1
8723,1
8724,1
8725,0
8726,1
8727,0
8728,0
8729,1
8730,1
8731,1
8732,1
8733,0
8734,1
8735,0
8736,0
8737,0
8738,1
8739,0
8740,1
8741,1
8742,0
8743,1
8744,0
8745,1
8746,1
8747,0
8748,1
8749,1
8750,1
8751,1
8752,0
8753,0
8754,1
8755,0
8756,1
8757,1
8758,1
8759,0
8760,0
8761,0
8762,1
8763,1
8764,1
8765,0
8766,0
8767,1
8768,1
8769,0
8770,1
8771,1
8772,1
8773,1
8774,1
8775,1
8776,1
8777,0
8778,0
8779,1
8780,1
8781,0
8782,0
8783,1
8784,1
8785,0
8786,1
8787,1
8788,1
8789,1
8790,0
8791,0
8792,1
8793,1
8794,0
8795,1
8796,0
8797,0
8798,1
8799,1
8800,0
8801,1
8802,0
8803,0
8804,0
8805,0
8806,0
8807,1
8808,0
8809,0
8810,0
8811,1
8812,0
8813,0
8814,0
8815,1
8816,0
8817,1
8818,0
8819,1
8820,0
8821,1
8822,1
8823,0
8824,1
8825,1
8826,0
8827,1
8828,0
8829,0
8830,1
8831,1
8832,0
8833,0
8834,0
8835,1
8836,0
8837,1
8838,0
8839,0
8840,1
8841,1
8842,1
8843,1
8844,0
8845,0
8846,1
8847,0
8848,1
8849,1
8850,1
8851,0
8852,0
8853,1
8854,0
8855,1
8856,1
8857,0
8858,1
8859,0
8860,0
8861,0
8862,0
8863,1
8864,1
8865,1
8866,1
8867,1
8868,0
8869,1
8870,0
8871,0
8872,1
8873,0
8874,1
8875,1
8876,1
8877,1
8878,0
8879,1
8880,0
8881,0
8882,1
8883,0
8884,1
8885,0
8886,0
8887,0
8888,1
8889,1
8890,0
8891,0
8892,1
8893,1
8894,0
8895,1
8896,0
8897,1
8898,0
8899,1
8900,0
8901,0
8902,0
8903,1
8904,1
8905,0
8906,0
8907,0
8908,1
8909,0
8910,0
8911,1
8912,0
8913,0
8914,0
8915,0
8916,1
8917,1
8918,1
8919,0
8920,0
8921,0
8922,0
8923,1
8924,0
8925,1
8926,1
8927,0
8928,0
8929,1
8930,0
8931,0
8932,1
8933,0
8934,0
8935,1
8936,0
8937,0
8938,0
8939,1
8940,1
8941,1
8942,0
8943,1
8944,1
8945,0
8946,0
8947,0
8948,0
8949,0
8950,1
8951,0
8952,0
8953,0
8954,1
8955,1
8956,0
8957,1
8958,0
8959,1
8960,1
8961,0
8962,0
8963,0
8964,0
8965,0
8966,1
8967,0
8968,1
8969,1
8970,1
8971,0
8972,1
8973,0
8974,1
8975,0
8976,0
8977,1
8978,0
8979,1
8980,1
8981,1
8982,1
8983,1
8984,0
8985,0
8986,0
8987,1
8988,0
8989,1
8990,1
8991,1
8992,0
8993,1
8994,1
8995,1
8996,1
8997,1
8998,1
8999,1
9000,0
9001,1
